Coronación Eucaristía,Escudos
Dolorosa,Dolores sin cuchillo
Dolorosa,Dolorosa
Dolorosa,Siete dolores
Dolorosa,Soledad
Egipto,Descanso
Egipto,Exilio
Egipto,Huida
Egipto,Regreso
Eucaristía,Defensas Eucaristía
Eucaristía,Temas eucarísticos
Fundadoras,Clara
Fundadoras,Inés Montepulciano
Fundadoras,Teresa
Fundadores,Benito
Fundadores,Bernardo
Fundadores,Camilo de Lelis
Fundadores,Cayetano
Fundadores,Domingo
Fundadores,Domingo y Francisco
Fundadores,Felipe Neri
Fundadores,Francisco de Asís
Fundadores,Francisco de Paula
Fundadores,Ignacio de Loyola
Fundadores,Juan de Dios
Fundadores,Pedro Nolasco
Guadalupe,Dios Pinta
Guadalupe,Composición de milagros
Guadalupe,Guadalupe sola
Guadalupe,Otras guadalupes
Iglesia Primitiva F,Magdalena
Iglesia Primitiva F,María Egipciaca
Iglesia Primitiva F,Mónica
Iglesia Primitiva F,Otras santas Igl. Primitiva
Iglesia Primitiva -h,Anacoretas y eremitas
Iglesia Primitiva -h,Onofre
Iglesia Primitiva -h,Padres de la Iglesia
Iglesia Primitiva -h,Apóstoles
Iglesia Primitiva -h,Evangelistas
Iglesia Primitiva -h,Antonio
Iglesia Primitiva -h,Cristóbal
Inmaculada,Apocalipsis alada
Inmaculada,Defensas
Inmaculada,Inmaculada
Inmaculada,Tota Pulcra
Lactación,Lactación santos
Lactación,Virgen leche
Luz,Cinta
Luz,Escenas
Luz,Santos u donantes
Luz,Tipo sin cinta
Mártires hombres,Crispín Crispino
Mártires hombres,Esteban
Mártires hombres,Eustoquio
Mártires hombres,Emidgio
Mártires hombres,Felipe de Jesús
Mártires hombres,Juan Bautista
Mártires hombres,Lorenzo
Mártires hombres,Sebastián
Mártires hombres,Otros mártires masc.
Mártires mujeres,Bárbara
Mártires mujeres,Agueda
Mártires mujeres,Apolonia
Mártires mujeres,Catalina
Mártires mujeres,Cecilia
Mártires mujeres,Cristina
Mártires mujeres,Dorotea
Mártires mujeres,Elena
Mártires mujeres,Inés
Mártires mujeres,Lucía
Mártires mujeres,Margarita
Mártires mujeres,Orosia
Mártires mujeres,Otras Mártires
Mártires mujeres,Tecla
Mártires mujeres,Úrsula
Miguel,Balanza
Miguel,Cadena
Miguel,Cruz - estandarte
Miguel,Escudo
Miguel,Lanza
Miguel,Palma
Miguel,Rollo
Miguel,Rosario
Miguel,Otras representaciones
Miguel,Brazo abierto
Milagros,Bodas Canan
Milagros,Lázaro
Milagros,Otros milagros
Milagros,Multiplicación panes
Milagros,Cayma
Milagros,Guadalupe
Milagros,Miguel
Milagros,Varios Milagros
Milagros,Milagros de la virgen
Muerte y Resurrección,Apariciones posteriores
Muerte y Resurrección,Ascensión
Muerte y Resurrección,Pentecostés Transfiguración
Muerte y Resurrección,Resurrección
Preliminares,Coronación espinas
Preliminares,Ecce homo
Preliminares,Entrada Jerusalén
Preliminares,Flagelación
Preliminares,Huerto
Preliminares,Juicio
Preliminares,Lavado de pies
Preliminares,Prendimiento
Preliminares,Sentencia
Preliminares,Tentación consuela
Preliminares,Última Cena
Rosario,Rosario Con santos
Rosario,Rosario solas
Rosario,Triangulares
Sagrada Familia,José
Sagrada Familia,Escenas Sagrada Familia
Sagrada familia Virgen,Joaquín-Virgen
Sagrada familia Virgen,Joaquín y Ana
Sagrada familia Virgen,Joaquín
Sagrada familia Virgen,Ana - Virgen
Sagrada familia Virgen,Sagrada Familia Virgen
Sagrada familia Virgen,Ana
Santas,Catalina de Siena
Santas,Catalina Ricci
Santas,Gertrudis
Santas,Isabel
Santas,Otras santas
Santas,Magdalena de Pazzi
Santas,Margarita Cortona
Santas,Rita de Casia
Santas,Rosa de Lima
Santas,Rosalía
Santos,Antonio de Padua
Santos,Blas
Santos,Bruno
Santos,Carlos Borromeo
Santos,Otros Santos Carmelitas
Santos,Diego de Alcalá
Santos,Otros Santos Dominicos
Santos,Eloy
Santos,Escoto
Santos,Felix
Santos,Fermín
Santos,Fernando
Santos,Otros santos Franciscanos
Santos,Francisco de Borja
Santos,Francisco de Regis
Santos,Francisco de Sales
Santos,Francisco Javier
Santos,Francisco Solano
Santos,Luis Gonzaga
Santos,Guillermo
Santos,Idelfonso
Santos,Isidro
Santos,Juan de la Cruz
Santos,Juan de Sahagún
Santos,Kotska
Santos,Liborio
Santos,Luis Tolosa
Santos,Luis de Francia
Santos,Martín de Tours
Santos,Juan Nepomuceno
Santos,Nicolás de Bari
Santos,Nicolás de Tolentino
Santos,Otros santos
Santos,Papas
Santos,Pascual bailón
Santos,Pedro Alcántara
Santos,Ramón Nonato
Santos,Roque
Santos,Salvador Horta
Santos,Otros Santos Jesuitas
Santos,Simón Stock
Santos,Tomás de Aquino
Santos,Tomas de Villanueva
Santos,Vicente Ferrer
Venerables y beatos,Betancourt
Venerables y beatos,Gregorio López
Venerables y beatos,Historias de venerables
Venerables y beatos,Mariana de Escobar
Venerables y beatos,Mártires del Japón y Jerusalén
Venerables y beatos,Palafox
Venerables y beatos,Sebastián de Aparicio
Viacrucis,Despojo vestiduras
Viacrucis,Camino Calvario
Viacrucis,Cirineo
Viacrucis,Crucifixión
Viacrucis,Descendimiento
Viacrucis,Encuentro Virgen
Viacrucis,Entierro
Viacrucis,Lamentación
Viacrucis,Nazareno
Viacrucis,Verónica
Virgen y niño,Passaviensis
Virgen y niño,Virgen y niño
Virgen y niño,Virgen y niño cuerpo entero
Virgen y niño,Virgen y niño santos y donantes