"ID";"nombredes";"Obra";"ID Imagen"
1;"Corderos, uvas";1889;1889
2;"?";1337;1337
2;"?";8089;8943
2;"?";8281;9135
2;"?";2957;2957
3;"Abrazo";4728;4728
3;"Abrazo";6051;6051
4;"Abrazo de José y Jesús";2471;2471
5;"Abrazo de María y Jesús";44;44
6;"Aclla Mama";8585;9439
7;"Adán";1155;1155
8;"Adan y Eva";3928;3928
9;"Adoración";2503;2503
10;"adoración a Jesús";4933;4933
11;"Adoración Reyes Magos";6041;6041
12;"Adoracion Santisimo";5669;5669
13;"Adoracion Santisimo/Villalpando";2306;2306
14;"Adoración santos";1913;1913
15;"Advocaciones de la Virgen";2370;2370
16;"África";8614;9468
16;"África";2672;2672
17;"Agua";5835;5835
18;"Águila";5925;5925
19;"ALA";213;213
20;"Alegoria";1894;1894
21;"Alegoría";2191;2191
22;"Alimento";4678;4678
23;"Alma";3707;3707
23;"Alma";5812;5812
23;"Alma";5831;5831
23;"Alma";2569;2569
23;"Alma";1128;1128
23;"Alma";2205;2205
23;"Alma";3768;3768
23;"Alma";437;437
24;"Almas";838;838
25;"Altar con flores";4469;4469
26;"Altar/Virgen María";912;3244
27;"Amamanta";1496;1496
28;"Amamanta/ Angeles";604;604
29;"Amamanta/Conquistadores";4829;4829
30;"Amamantar/corona redonda de colores de Maria";5987;5987
31;"América";2669;2669
31;"América";8613;9467
32;"Amistad";5927;5927
32;"Amistad";5928;5928
33;"Amor";5832;5832
33;"Amor";2206;2206
33;"Amor";5820;5820
33;"Amor";5831;5831
33;"Amor";5834;5834
33;"Amor";2207;2207
33;"Amor";5833;5833
33;"Amor";2205;2205
33;"Amor";2204;2204
33;"Amor";5821;5821
33;"Amor";5811;5811
34;"Anagramas";2718;2718
35;"Ancestros de Jesús";1151;1151
36;"Angel";8021;8875
36;"Angel";6064;6064
36;"Angel";1727;1727
37;"Ángel";5837;5837
37;"Ángel";5836;5836
37;"Ángel";5839;5839
37;"Ángel";5840;5840
37;"Ángel";5835;5835
37;"Ángel";5841;5841
37;"Ángel";5838;5838
37;"Ángel";5823;5823
37;"Ángel";5818;5818
37;"Ángel";5819;5819
37;"Ángel";5830;5830
37;"Ángel";5817;5817
37;"Ángel";5816;5816
37;"Ángel";5821;5821
37;"Ángel";5822;5822
37;"Ángel";5814;5814
37;"Ángel";5820;5820
37;"Ángel";5824;5824
37;"Ángel";5825;5825
37;"Ángel";5813;5813
37;"Ángel";5810;5810
37;"Ángel";5826;5826
37;"Ángel";5827;5827
37;"Ángel";5828;5828
37;"Ángel";5829;5829
37;"Ángel";5815;5815
38;"Angel de la guarda";1136;1136
38;"Angel de la guarda";1901;1901
38;"Angel de la guarda";731;731
38;"Angel de la guarda";136;136
38;"Angel de la guarda";7073;7927
38;"Angel de la guarda";3660;3660
38;"Angel de la guarda";8421;9275
38;"Angel de la guarda";2262;2262
38;"Angel de la guarda";8383;9237
38;"Angel de la guarda";4811;4811
38;"Angel de la guarda";480;480
39;"Angel virtuoso";2190;2190
40;"Angeles";5658;5658
40;"Angeles";1137;1137
40;"Angeles";2262;2262
40;"Angeles";5376;5376
40;"Angeles";5378;5378
40;"Angeles";2190;2190
40;"Angeles";7121;7975
40;"Angeles";1146;1146
40;"Angeles";5379;5379
40;"Angeles";5388;5388
40;"Angeles";817;817
40;"Angeles";2250;2250
40;"Angeles";4299;4299
40;"Angeles";3941;3941
40;"Angeles";479;479
40;"Angeles";480;480
40;"Angeles";3919;3919
40;"Angeles";5380;5380
40;"Angeles";4466;4466
40;"Angeles";3851;3851
40;"Angeles";4811;4811
40;"Angeles";1760;1760
40;"Angeles";838;838
40;"Angeles";835;835
40;"Angeles";2494;2494
40;"Angeles";4616;4616
40;"Angeles";4533;4533
40;"Angeles";801;801
40;"Angeles";1725;1725
40;"Angeles";7094;7948
40;"Angeles";5171;5171
40;"Angeles";4432;4432
40;"Angeles";732;732
40;"Angeles";731;731
40;"Angeles";1129;1129
40;"Angeles";7073;7927
40;"Angeles";452;452
40;"Angeles";5669;5669
40;"Angeles";1136;1136
40;"Angeles";4531;4531
40;"Angeles";8421;9275
40;"Angeles";1425;1425
40;"Angeles";3035;3035
40;"Angeles";1904;1904
40;"Angeles";8161;9015
40;"Angeles";85;85
40;"Angeles";136;136
40;"Angeles";82;82
40;"Angeles";8383;9237
40;"Angeles";1902;1902
40;"Angeles";8174;9028
40;"Angeles";80;80
40;"Angeles";3646;3646
40;"Angeles";1901;1901
40;"Angeles";76;76
40;"Angeles";1397;1397
40;"Angeles";3602;3602
40;"Angeles";3660;3660
40;"Angeles";1454;1454
40;"Angeles";3603;3603
40;"Angeles";8277;9131
40;"Angeles";1917;1917
40;"Angeles";1903;1903
40;"Angeles";1523;1523
40;"Angeles";1470;1470
41;"Ángeles";5369;5369
41;"Ángeles";837;837
41;"Ángeles";834;834
41;"Ángeles";1128;1128
41;"Ángeles";4667;4667
42;"ángeles cargando santa";4712;4712
43;"Angeles con atributos";4464;4464
44;"Angeles musicos";1557;1557
45;"Ángeles orando";4674;4674
46;"Ángeles sin cuerpo";1398;1398
48;"Angeles y espíritu santo";2395;2395
48;"Angeles y espíritu santo";826;826
48;"Angeles y espíritu santo";1399;1399
49;"Angeles/sombrero de plumas";8161;9015
50;"Angeli";838;838
51;"angelología profética";2307;2307
51;"angelología profética";3904;3904
52;"Animas";437;437
53;"Anunciación";1859;1859
53;"Anunciación";2268;2268
53;"Anunciación";4432;4432
54;"Anunciación (Huída a Egipto).";8549;9403
55;"Aparicion de la Virgen";1560;1560
56;"Apolo";5929;5929
57;"Apoteósis del rosario";2365;2365
58;"Árbol";5678;5678
58;"Árbol";2211;2211
58;"Árbol";5679;5679
59;"Árbol deshojado";4662;4662
60;"Arca de la Alianza";1179;1179
60;"Arca de la Alianza";996;996
61;"Arcángel";5814;5814
61;"Arcángel";1387;1387
62;"Arcangeles";3035;3035
62;"Arcangeles";4531;4531
62;"Arcangeles";5378;5378
62;"Arcangeles";5380;5380
62;"Arcangeles";819;819
63;"Arcángeles";833;833
64;"Archangeli";801;801
65;"Arco";1917;1917
66;"Arcos";4703;4703
67;"Arellano";3896;3896
68;"Armadura";85;85
69;"Armas/Virgen de Monserrat";1094;1094
70;"arrepentimiento";1997;1997
70;"arrepentimiento";3899;3899
71;"Arte plumario";4972;4972
71;"Arte plumario";4973;4973
72;"Arte plumario/Retrato";4970;4970
73;"Asia";2671;2671
73;"Asia";8612;9466
74;"Asunción jesuitas";4385;4385
75;"Atributos";5380;5380
76;"Aureolas y trajes con hojilla de oro";5413;5413
76;"Aureolas y trajes con hojilla de oro";2851;2851
76;"Aureolas y trajes con hojilla de oro";159;159
76;"Aureolas y trajes con hojilla de oro";2743;2743
76;"Aureolas y trajes con hojilla de oro";4785;4785
76;"Aureolas y trajes con hojilla de oro";2758;2758
76;"Aureolas y trajes con hojilla de oro";1680;1680
76;"Aureolas y trajes con hojilla de oro";325;325
76;"Aureolas y trajes con hojilla de oro";5158;5158
76;"Aureolas y trajes con hojilla de oro";4475;4475
76;"Aureolas y trajes con hojilla de oro";3299;3299
76;"Aureolas y trajes con hojilla de oro";1699;1699
76;"Aureolas y trajes con hojilla de oro";2737;2737
76;"Aureolas y trajes con hojilla de oro";4961;4961
76;"Aureolas y trajes con hojilla de oro";3121;3121
76;"Aureolas y trajes con hojilla de oro";5172;5172
76;"Aureolas y trajes con hojilla de oro";5000;5000
76;"Aureolas y trajes con hojilla de oro";2295;2295
76;"Aureolas y trajes con hojilla de oro";3790;3790
76;"Aureolas y trajes con hojilla de oro";3193;3193
76;"Aureolas y trajes con hojilla de oro";8226;9080
76;"Aureolas y trajes con hojilla de oro";5300;5300
76;"Aureolas y trajes con hojilla de oro";3298;3298
76;"Aureolas y trajes con hojilla de oro";4825;4825
76;"Aureolas y trajes con hojilla de oro";7125;7979
77;"Avaricia";5919;5919
77;"Avaricia";5916;5916
78;"Avaro";5918;5918
78;"Avaro";2913;2913
78;"Avaro";5926;5926
79;"Aves";4716;4716
79;"Aves";4723;4723
79;"Aves";3342;3342
79;"Aves";4727;4727
79;"Aves";8613;9467
79;"Aves";4722;4722
80;"Aves y flores";3791;3791
80;"Aves y flores";2746;2746
80;"Aves y flores";5143;5143
81;"Azucenas";479;479
81;"Azucenas";452;452
81;"Azucenas";1859;1859
82;"Azucenas y triángulo/trinidad";5530;5530
83;"BADO";214;214
84;"Balanza";5931;5931
84;"Balanza";801;801
85;"Barbosa-Stern";4500;4500
86;"Barca";3296;3296
87;"Barrabas";1267;1267
88;"Batalla Pamplona";4363;4363
89;"Batalla/conversion";2446;2446
90;"Batalla/heridas";2424;2424
91;"Bautismo";1213;1213
91;"Bautismo";4372;4372
91;"Bautismo";8550;9404
91;"Bautismo";2654;2654
92;"Bebe";1863;1863
92;"Bebe";2495;2495
92;"Bebe";1746;1746
93;"Belen";7089;7943
94;"Bendicion/Papa Ignacio";1940;1940
95;"Bendicion/Papa Paulo";3019;3019
96;"Bien";2208;2208
97;"bien/mal";3027;3027
98;"Bosque/Conversión/Caballo";2256;2256
99;"Buen pastor";8270;9124
99;"Buen pastor";608;608
99;"Buen pastor";2769;2769
100;"Caballo";8611;9465
101;"Caballos";2670;2670
102;"Cabello";1232;1232
103;"Cabra";4382;4382
104;"Caciques";3771;3771
105;"Caida de los ídolos";3847;3847
105;"Caida de los ídolos";4454;4454
105;"Caida de los ídolos";441;441
106;"Cáliz";1857;1857
107;"Cáliz, lagar.";1889;1889
108;"Camello";8612;9466
109;"Camellos";2671;2671
110;"Caminando";2849;2849
110;"Caminando";8088;8942
111;"Camino al Calvario";8551;9405
112;"Camino/Árboles";334;334
113;"Campesinos/Trigo";5154;5154
113;"Campesinos/Trigo";4962;4962
114;"Canasta con niño Jesús";8278;9132
115;"Caquiaviri";2192;2192
116;"Cardenal";1250;1250
117;"Carmelitas";2516;2516
118;"Carpintería";2704;2704
118;"Carpintería";2848;2848
119;"Carro";2672;2672
119;"Carro";2670;2670
119;"Carro";2669;2669
119;"Carro";2671;2671
120;"Carros de triunfo";2313;2313
120;"Carros de triunfo";5462;5462
120;"Carros de triunfo";5461;5461
120;"Carros de triunfo";5459;5459
120;"Carros de triunfo";2509;2509
121;"Cascada/Ángel";37;37
122;"Celeste";5376;5376
123;"Cena apostoles";5668;5668
124;"Cetro";1237;1237
124;"Cetro";76;76
125;"Chile";154;154
126;"Cielo";5829;5829
127;"Cielo e Infierno";5680;5680
128;"Circular/paloma espíritu santo";8036;8890
129;"Ciudad";1398;1398
129;"Ciudad";390;390
129;"Ciudad";6018;6018
129;"Ciudad";4685;4685
129;"Ciudad";4721;4721
129;"Ciudad";2898;2898
129;"Ciudad";392;392
130;"Ciudad de Jerusalen";2512;2512
131;"Clavos";1860;1860
132;"Clérigo";1253;1253
133;"Columna";2297;2297
133;"Columna";1425;1425
134;"Comunidad religiosa";1393;1393
135;"Comunión";4677;4677
135;"Comunión";4723;4723
136;"Comunión con divino niño";1403;1403
136;"Comunión con divino niño";1407;1407
137;"CONCEBIDA";223;223
138;"Condena";1225;6482
138;"Condena";3098;3098
139;"Condenado";664;664
140;"Condenados";1330;1330
141;"Confesion";4679;4679
141;"Confesion";2363;2363
142;"Confirmacion";4255;4255
143;"Conmemorativo";2200;2200
144;"Conquista española";2502;2502
145;"Conquistadores/Campesinos";4485;4485
146;"Conquistadores/Campesinos/Caída de los ídolos";3144;3144
147;"Constituciones/Virgen";3643;3643
148;"Constituciones/Virgen y Tirnidad";1108;1108
148;"Constituciones/Virgen y Tirnidad";1823;6123
149;"Construcción";7191;8045
150;"Contacto santa cristo";4672;4672
151;"Conversion";284;284
152;"Conversion/Virgen Maria";1271;1271
153;"Corazón";2206;2206
153;"Corazón";4725;4725
153;"Corazón";5841;5841
153;"Corazón";5836;5836
153;"Corazón";4673;4673
153;"Corazón";5835;5835
153;"Corazón";5837;5837
153;"Corazón";5838;5838
153;"Corazón";5840;5840
153;"Corazón";5839;5839
153;"Corazón";5834;5834
153;"Corazón";2353;2353
153;"Corazón";1255;1255
153;"Corazón";4688;4688
154;"corazón de Jesús";3330;3330
154;"corazón de Jesús";609;609
154;"corazón de Jesús";5676;5676
154;"corazón de Jesús";1892;1892
154;"corazón de Jesús";8080;8934
154;"corazón de Jesús";4933;4933
154;"corazón de Jesús";3331;3331
154;"corazón de Jesús";3860;3860
154;"corazón de Jesús";8295;9149
154;"corazón de Jesús";8270;9124
154;"corazón de Jesús";3650;3650
154;"corazón de Jesús";72;72
155;"corazón de Jesús y de María";4639;4639
156;"corazón de María";3902;3902
157;"corazón del hombre";3027;3027
158;"corazón herido";2100;2100
159;"Corazones";80;80
160;"Cordero";1241;1241
160;"Cordero";5917;5917
161;"Corderos";5404;5404
162;"Coro de ángeles";996;996
163;"Corona";16747;6130
163;"Corona";16747;6288
163;"Corona";76;76
163;"Corona";817;817
164;"Corona de espinas";5266;5266
164;"Corona de espinas";4264;4264
164;"Corona de espinas";4721;4721
164;"Corona de espinas";3927;3927
164;"Corona de espinas";5838;5838
164;"Corona de espinas";1239;1239
165;"Corona de rosas";8283;9137
165;"Corona de rosas";4647;4647
165;"Corona de rosas";2850;2850
165;"Corona de rosas";5301;5301
165;"Corona de rosas";7094;7948
165;"Corona de rosas";5297;5297
165;"Corona de rosas";2845;2845
165;"Corona de rosas";947;947
165;"Corona de rosas";5298;5298
166;"Corona de rosas/Aureola y trajes con hojilla de oro";5299;5299
167;"Corona/Hojilla de Oro";3603;3603
168;"Coronación";1301;1301
168;"Coronación";2755;2755
169;"Coronación de la virgen";3664;3664
170;"Coronas de flores";3941;3941
171;"Corte Celestial";2192;2192
172;"Corte de santos";4715;4715
173;"Corte de Santos y Trinidad";5666;5666
173;"Corte de Santos y Trinidad";5667;5667
174;"Cortina roja";446;446
174;"Cortina roja";1688;1688
175;"Cráneo";1252;1252
175;"Cráneo";2225;2225
176;"Credo";859;859
176;"Credo";858;858
176;"Credo";858;858
176;"Credo";2682;2682
176;"Credo";859;859
177;"Credo Apostolico";2682;2682
178;"Cristo";2218;2218
178;"Cristo";1889;1889
178;"Cristo";3895;3895
178;"Cristo";1537;1537
178;"Cristo";887;887
178;"Cristo";1887;1887
178;"Cristo";5983;5983
178;"Cristo";2501;2501
178;"Cristo";7195;8049
178;"Cristo";5702;5702
178;"Cristo";1153;1153
178;"Cristo";1893;1893
178;"Cristo";5679;5679
178;"Cristo";5704;5704
178;"Cristo";2211;2211
178;"Cristo";5705;5705
178;"Cristo";5703;5703
178;"Cristo";1620;1620
178;"Cristo";5830;5830
178;"Cristo";5833;5833
178;"Cristo";5678;5678
178;"Cristo";1330;1330
178;"Cristo";3931;3931
178;"Cristo";2207;2207
178;"Cristo";2224;2224
178;"Cristo";2197;2197
178;"Cristo";8054;8908
178;"Cristo";7191;8045
179;"Cristo adulto";1890;1890
180;"Cristo burlas";179;179
180;"Cristo burlas";3307;3307
180;"Cristo burlas";3308;3308
180;"Cristo burlas";3345;3345
181;"Cristo cargando cruz";4674;4674
182;"Cristo columna";3143;3143
182;"Cristo columna";3312;3312
182;"Cristo columna";605;605
182;"Cristo columna";870;870
182;"Cristo columna";4525;4525
182;"Cristo columna";3174;3174
182;"Cristo columna";843;843
182;"Cristo columna";1282;1282
182;"Cristo columna";921;921
182;"Cristo columna";1603;1603
182;"Cristo columna";3884;3884
182;"Cristo columna";185;185
182;"Cristo columna";358;358
182;"Cristo columna";40;40
183;"Cristo crucificado";3710;3710
183;"Cristo crucificado";3178;3178
184;"Cristo de la vara";1988;1988
184;"Cristo de la vara";2432;2432
184;"Cristo de la vara";2771;2771
184;"Cristo de la vara";467;467
184;"Cristo de la vara";224;224
184;"Cristo de la vara";4828;4828
184;"Cristo de la vara";176;176
184;"Cristo de la vara";22;22
184;"Cristo de la vara";3638;3638
184;"Cristo de la vara";4757;4757
184;"Cristo de la vara";1989;1989
184;"Cristo de la vara";892;892
184;"Cristo de la vara";43;43
184;"Cristo de la vara";1990;1990
184;"Cristo de la vara";367;367
185;"Cristo en la celda";1952;1952
186;"Cristo en la cruz";3559;3559
187;"Cristo recoge las vestiduras";1562;1562
188;"Cristo Sentencia";3309;3309
188;"Cristo Sentencia";3887;3887
188;"Cristo Sentencia";5210;5210
188;"Cristo Sentencia";5214;5214
189;"Cristo vestiduras";1950;1950
190;"Cristo, sangre de Cristo.";940;940
191;"Cruces";1887;1887
192;"Crucifixión";2516;2516
192;"Crucifixión";1935;1935
192;"Crucifixión";741;741
192;"Crucifixión";1860;1860
193;"Crucifixión Cristo";2262;2262
194;"Cruz";5371;5371
194;"Cruz";476;476
194;"Cruz";2472;2472
194;"Cruz";2846;2846
194;"Cruz";1231;1231
194;"Cruz";2503;2503
194;"Cruz";5823;5823
194;"Cruz";5980;5980
195;"Cruz de caña";1421;1421
196;"Cruz y azucenas";2474;2474
197;"Cuadricéfalo";2225;2225
198;"Cuadro en el cuadro";4712;4712
199;"Cuatro continentes";3664;3664
200;"Cuatro ríos del paraíso";1164;1164
201;"Cuerno con flores";4299;4299
202;"Cuerpo";1605;1605
203;"Cuerpos masculinos desnudos";4672;4672
204;"Cueva Manresa";962;962
205;"Cupidos, amores.";4371;4371
206;"Curacion del Energúmeno";3177;3177
207;"Cusco";2217;2217
207;"Cusco";2210;2210
207;"Cusco";1536;1536
208;"Custodia";2219;2219
209;"David ";2196;2196
210;"DE PECADO";222;222
211;"Demonio";1387;1387
211;"Demonio";2476;2476
211;"Demonio";2633;2633
211;"Demonio";5585;5585
211;"Demonio";4729;4729
212;"Demonio y Libros";829;829
213;"Demonios";136;136
213;"Demonios";1334;1334
213;"Demonios";5658;5658
213;"Demonios";2910;2910
214;"Descanso";3834;3834
214;"Descanso";5929;5929
214;"Descanso";810;810
214;"Descanso";335;335
214;"Descanso";2077;710
214;"Descanso";885;885
215;"Desposorios";2274;2274
215;"Desposorios";2067;2067
215;"Desposorios";4716;4716
215;"Desposorios";5557;5557
215;"Desposorios";1461;1461
215;"Desposorios";2632;7524
215;"Desposorios";1429;1429
215;"Desposorios";4671;4671
216;"Desposorios místicos";395;395
216;"Desposorios místicos";3237;3237
216;"Desposorios místicos";5588;5588
216;"Desposorios místicos";1403;1403
216;"Desposorios místicos";1427;1427
216;"Desposorios místicos";1407;1407
217;"Devoción";2698;2698
217;"Devoción";3117;3117
218;"devoción corazón de Jesús";8295;9149
219;"Devocion Santa Catalina";192;192
220;"Dios";2650;2650
220;"Dios";40;40
221;"Dios Padre";5401;5401
221;"Dios Padre";340;340
221;"Dios Padre";3915;3915
221;"Dios Padre";3923;3923
221;"Dios Padre";8423;9277
221;"Dios Padre";5370;5370
222;"Dios Padre y ángeles";3163;3163
222;"Dios Padre y ángeles";2543;2543
222;"Dios Padre y ángeles";4765;4765
222;"Dios Padre y ángeles";4470;4470
222;"Dios Padre y ángeles";355;355
223;"Dios Padre y espíritu santo/paloma";3032;3032
223;"Dios Padre y espíritu santo/paloma";3031;3031
223;"Dios Padre y espíritu santo/paloma";8282;9136
223;"Dios Padre y espíritu santo/paloma";4770;4770
223;"Dios Padre y espíritu santo/paloma";2554;2554
223;"Dios Padre y espíritu santo/paloma";3172;3172
223;"Dios Padre y espíritu santo/paloma";492;492
224;"Dios Padre, ángeles y la Virgen María";8217;9071
225;"Dios Padre/Espiritu santo";5296;5296
226;"Dios Padre/San Juan Bautista";897;897
227;"Dios Piedad";1935;1935
228;"Disciplina";2443;2443
229;"Discusión";4676;4676
230;"Divina pastora";8270;9124
230;"Divina pastora";2769;2769
231;"Dobla mantas";810;810
232;"Doctores de la iglesia de occidente.";2836;2836
233;"Dogma de la Inmaculada";1163;1163
234;"Dogma Inmaculada";5462;5462
234;"Dogma Inmaculada";5461;5461
235;"Dogma Inmaculada Concepción";1221;1221
236;"Dolorosa";856;856
237;"Doloroso";8408;9262
238;"Donante";3161;3161
238;"Donante";3110;3110
238;"Donante";1387;1387
238;"Donante";5168;5168
238;"Donante";2353;2353
239;"Donante/Purgatorio";8086;8940
240;"Donantes";8545;9399
240;"Donantes";4608;4608
240;"Donantes";3700;3700
241;"Dormitorio";4679;4679
242;"Dragón";5917;5917
243;"Ecce homo";3817;3817
243;"Ecce homo";2322;2322
243;"Ecce homo";32;32
243;"Ecce homo";2770;2770
243;"Ecce homo";349;349
243;"Ecce homo";1991;1991
243;"Ecce homo";2786;2786
243;"Ecce homo";3888;3888
243;"Ecce homo";922;922
243;"Ecce homo";4843;4843
243;"Ecce homo";3889;3889
243;"Ecce homo";3634;3634
243;"Ecce homo";1267;1267
243;"Ecce homo";16;16
243;"Ecce homo";3310;3310
244;"Ecuador/Miguel de Santiago";4256;4256
244;"Ecuador/Miguel de Santiago";4373;4373
244;"Ecuador/Miguel de Santiago";4376;4376
244;"Ecuador/Miguel de Santiago";4255;4255
244;"Ecuador/Miguel de Santiago";3281;3281
244;"Ecuador/Miguel de Santiago";4372;4372
245;"Eden";3928;3928
246;"Egipto";3791;3791
246;"Egipto";3819;3819
246;"Egipto";5143;5143
246;"Egipto";5144;5144
246;"Egipto";5141;5141
246;"Egipto";526;526
246;"Egipto";1230;1230
246;"Egipto";4962;4962
246;"Egipto";8078;8932
246;"Egipto";335;335
246;"Egipto";2077;710
246;"Egipto";4829;4829
246;"Egipto";334;334
246;"Egipto";3834;3834
246;"Egipto";5135;5135
246;"Egipto";336;336
246;"Egipto";3847;3847
246;"Egipto";5136;5136
246;"Egipto";5139;5139
246;"Egipto";5140;5140
246;"Egipto";5134;5134
246;"Egipto";3144;3144
246;"Egipto";4485;4485
246;"Egipto";2746;2746
246;"Egipto";1337;1337
246;"Egipto";3296;3296
246;"Egipto";356;356
246;"Egipto";1502;1502
246;"Egipto";2762;2762
246;"Egipto";5986;5986
246;"Egipto";1756;1756
246;"Egipto";2745;2745
246;"Egipto";3154;3154
246;"Egipto";376;376
246;"Egipto";4666;4666
246;"Egipto";3110;3110
246;"Egipto";604;604
246;"Egipto";4703;4703
246;"Egipto";2957;2957
246;"Egipto";2956;2956
246;"Egipto";37;37
246;"Egipto";2955;2955
246;"Egipto";1496;1496
246;"Egipto";2494;2494
246;"Egipto";4662;4662
246;"Egipto";6105;6105
246;"Egipto";5987;5987
246;"Egipto";137;137
246;"Egipto";810;810
246;"Egipto";441;441
246;"Egipto";5154;5154
246;"Egipto";355;355
246;"Egipto";4454;4454
246;"Egipto";806;806
246;"Egipto";1557;1557
246;"Egipto";5146;5146
246;"Egipto";885;885
246;"Egipto";8278;9132
246;"Egipto";856;856
247;"Ejercicios espirituales/Trinidad";1095;1095
248;"Elefante";8614;9468
249;"Elefantes";2672;2672
250;"ELS??S";216;216
251;"Embajada";4676;4676
252;"Embarazo";4471;4471
253;"Emblema";5811;5811
254;"Empadronamiento";7089;7943
255;"Enseñanza";4718;4718
256;"Entierro";2452;2452
256;"Entierro";2450;2450
256;"Entierro";5446;5446
256;"Entierro";8203;9057
257;"Entrada a Jerusalen";3874;3874
257;"Entrada a Jerusalen";1550;1550
257;"Entrada a Jerusalen";2512;2512
257;"Entrada a Jerusalen";999;999
258;"Escalera/Techo";5173;5173
259;"Escenas de la vida de Jesús";5163;5163
260;"escenas vida de Jesús";2209;2209
261;"Esconchado en Madera";4923;4923
261;"Esconchado en Madera";4922;4922
261;"Esconchado en Madera";4924;4924
262;"Escritura mística";1514;1514
263;"Eseñanza niños";612;612
264;"Espada";5931;5931
264;"Espada";1238;1238
265;"Esperanza";2205;2205
265;"Esperanza";5831;5831
266;"Espigas de trigo";1242;1242
267;"Espíritu";4693;4693
268;"Espiritu santo";4469;4469
269;"Espiritu santo/paloma";7121;7975
269;"Espiritu santo/paloma";2497;2497
269;"Espiritu santo/paloma";2852;2852
269;"Espiritu santo/paloma";1454;1454
269;"Espiritu santo/paloma";936;936
269;"Espiritu santo/paloma";439;439
269;"Espiritu santo/paloma";1964;1964
269;"Espiritu santo/paloma";2847;2847
269;"Espiritu santo/paloma";1223;1223
269;"Espiritu santo/paloma";5407;9548
269;"Espiritu santo/paloma";3552;3552
269;"Espiritu santo/paloma";836;836
269;"Espiritu santo/paloma";5389;9544
269;"Espiritu santo/paloma";8023;8877
269;"Espiritu santo/paloma";8332;9186
269;"Espiritu santo/paloma";1867;1867
269;"Espiritu santo/paloma";3189;3189
269;"Espiritu santo/paloma";1963;1963
270;"Esqueleto";1255;1255
270;"Esqueleto";1253;1253
270;"Esqueleto";1170;1170
270;"Esqueleto";5816;5816
271;"Esquilo";5925;5925
272;"Estandarte";5979;5979
272;"Estandarte";1858;1858
272;"Estandarte";1234;1234
273;"Estigma";4722;4722
274;"Estigmas";4517;4517
274;"Estigmas";192;192
274;"Estigmas";4675;4675
275;"Eucaristia";5667;5667
275;"Eucaristia";5666;5666
275;"Eucaristia";3281;3281
275;"Eucaristia";1894;1894
276;"Eucaristía ";3930;3930
276;"Eucaristía ";1179;1179
276;"Eucaristía ";2210;2210
276;"Eucaristía ";1403;1403
276;"Eucaristía ";2307;2307
276;"Eucaristía ";1407;1407
276;"Eucaristía ";2769;2769
276;"Eucaristía ";2100;2100
276;"Eucaristía ";3860;3860
276;"Eucaristía ";3904;3904
277;"Eucaristia/Custodia";2793;2793
278;"Europa";2670;2670
278;"Europa";8611;9465
279;"Eva";1155;1155
280;"Eva/Ave";2309;2309
280;"Eva/Ave";2198;2198
281;"Evangelistas";1534;1534
282;"Exorcizando";4361;4361
283;"Extasis";1101;1101
283;"Extasis";2925;2925
284;"Éxtasis";4675;4675
284;"Éxtasis";1514;1514
284;"Éxtasis";4718;4718
284;"Éxtasis";4517;4517
285;"Extendida";3031;3031
285;"Extendida";548;548
285;"Extendida";3032;3032
285;"Extendida";1494;1494
285;"Extendida";3299;3299
285;"Extendida";2395;2395
285;"Extendida";2749;2749
285;"Extendida";1223;1223
285;"Extendida";1151;1151
285;"Extendida";2758;2758
285;"Extendida";3735;3735
285;"Extendida";2543;2543
285;"Extendida";1804;1804
285;"Extendida";2554;2554
285;"Extendida";1523;1523
285;"Extendida";3357;3357
286;"Familia";1498;1498
286;"Familia";2812;2812
286;"Familia";3849;3849
286;"Familia";3852;3852
286;"Familia";1492;1492
286;"Familia";7108;7962
286;"Familia";1493;1493
286;"Familia";1645;1645
286;"Familia";1497;1497
286;"Familia";3713;3713
286;"Familia";4501;4501
286;"Familia";1421;1421
286;"Familia";8255;9109
286;"Familia";1265;1265
286;"Familia";8282;9136
286;"Familia";8332;9186
286;"Familia";3301;3301
286;"Familia";2748;2748
286;"Familia";44;44
286;"Familia";4606;4606
286;"Familia";1500;1500
286;"Familia";1009;1009
286;"Familia";3172;3172
286;"Familia";2689;2689
286;"Familia";897;897
286;"Familia";4695;4695
286;"Familia";4770;4770
286;"Familia";5404;5404
286;"Familia";5388;5388
286;"Familia";5147;5147
286;"Familia";492;492
286;"Familia";5407;9548
286;"Familia";5176;5176
286;"Familia";5403;5403
286;"Familia";5646;5646
286;"Familia";5377;5698
286;"Familia";5157;5157
286;"Familia";5000;5000
286;"Familia";2201;2201
286;"Familia";446;446
286;"Familia";1799;1799
286;"Familia";545;545
286;"Familia";5158;5158
287;"Familia de la Santa";582;582
288;"Fe";3895;3895
288;"Fe";5832;5832
288;"Fe";2204;2204
289;"Figura de la soberbia";2190;2190
290;"Filactelia";4270;4270
291;"Flagelación";1282;1282
291;"Flagelación";1538;1538
291;"Flagelación";4670;4670
291;"Flagelación";1603;1603
291;"Flagelación";2634;2634
291;"Flagelación";4687;4687
291;"Flagelación";4729;4729
291;"Flagelación";2656;2656
292;"Flagelación de cristo";3080;3080
292;"Flagelación de cristo";2785;2785
292;"Flagelación de cristo";2781;2781
292;"Flagelación de cristo";40;40
292;"Flagelación de cristo";5226;5226
292;"Flagelación de cristo";2782;2782
292;"Flagelación de cristo";5216;5216
292;"Flagelación de cristo";5217;5217
292;"Flagelación de cristo";5265;5265
293;"Flores";1917;1917
293;"Flores";4371;4371
294;"Flores y trajes con hojilla de oro";404;404
295;"Fondo celeste";3646;3646
296;"Formato circular";1416;1416
296;"Formato circular";8562;9416
296;"Formato circular";6105;6105
297;"Fortuna";5922;5922
297;"Fortuna";5930;5930
298;"Francisco Javier";2000;2000
299;"Fuego";1225;6482
300;"Fuente";2224;2224
300;"Fuente";2756;2756
300;"Fuente";5828;5828
300;"Fuente";4726;4726
300;"Fuente";5983;5983
301;"Fuente.";940;940
302;"Gallinas";754;754
303;"Genealogía de la Virgen";1216;1216
304;"Girasol";5825;5825
305;"Glorias de María";2645;2645
306;"Glorificación";1103;1103
307;"Goliat";2196;2196
308;"Golpiza ocn palos/moros";1962;1962
309;"Gran libro cerrado";1233;1233
310;"Granadillo";1153;1153
311;"Herejía";2227;2227
311;"Herejía";4899;4899
312;"Hermana y santa";4668;4668
313;"Historia santa";1622;1622
314;"Holofernes";1781;1781
315;"Hombre";5815;5815
316;"Honor";2911;2911
317;"Huida";376;376
317;"Huida";856;856
317;"Huida";4829;4829
317;"Huida";334;334
317;"Huida";1756;1756
317;"Huida";4962;4962
317;"Huida";4454;4454
317;"Huida";5154;5154
317;"Huida";441;441
317;"Huida";4485;4485
317;"Huida";3847;3847
317;"Huida";1557;1557
317;"Huida";6105;6105
317;"Huida";2956;2956
317;"Huida";37;37
317;"Huida";3144;3144
317;"Huida";4703;4703
317;"Huida";2494;2494
317;"Huida";2955;2955
317;"Huida";5987;5987
317;"Huida";2957;2957
317;"Huida";137;137
317;"Huida";8278;9132
317;"Huida";604;604
317;"Huida";2745;2745
317;"Huida";1496;1496
318;"iconografia de los 7 ángeles del Apocalipsis Nova";3904;3904
318;"iconografia de los 7 ángeles del Apocalipsis Nova";2307;2307
319;"iconografía mariana s. XVIII";2645;2645
320;"Idólatras";4382;4382
321;"Iglesia";2501;2501
322;"Iglesia/santos/angeles";665;665
323;"Ignacio de Loyola";2917;2917
323;"Ignacio de Loyola";2923;2923
323;"Ignacio de Loyola";2925;2925
323;"Ignacio de Loyola";2931;2931
323;"Ignacio de Loyola";284;284
323;"Ignacio de Loyola";4339;4339
323;"Ignacio de Loyola";4345;5490
323;"Ignacio de Loyola";252;252
323;"Ignacio de Loyola";4338;4338
323;"Ignacio de Loyola";4349;5493
323;"Ignacio de Loyola";2893;2893
323;"Ignacio de Loyola";5510;5510
323;"Ignacio de Loyola";2902;2902
323;"Ignacio de Loyola";308;308
323;"Ignacio de Loyola";4363;4363
323;"Ignacio de Loyola";2903;2903
323;"Ignacio de Loyola";4362;4362
323;"Ignacio de Loyola";4361;4361
323;"Ignacio de Loyola";4343;4343
323;"Ignacio de Loyola";4350;4350
323;"Ignacio de Loyola";4340;4340
323;"Ignacio de Loyola";4348;5494
323;"Ignacio de Loyola";2837;2837
323;"Ignacio de Loyola";4347;4347
323;"Ignacio de Loyola";2449;2449
323;"Ignacio de Loyola";4346;4346
323;"Ignacio de Loyola";2915;2915
323;"Ignacio de Loyola";4342;4342
323;"Ignacio de Loyola";4341;4341
323;"Ignacio de Loyola";5507;5507
323;"Ignacio de Loyola";1970;1970
323;"Ignacio de Loyola";2447;2447
323;"Ignacio de Loyola";2000;2000
323;"Ignacio de Loyola";3177;3177
323;"Ignacio de Loyola";1822;1822
323;"Ignacio de Loyola";3178;3178
323;"Ignacio de Loyola";819;819
323;"Ignacio de Loyola";2290;2290
323;"Ignacio de Loyola";1821;1821
323;"Ignacio de Loyola";1940;1940
323;"Ignacio de Loyola";2424;2424
323;"Ignacio de Loyola";1823;6123
323;"Ignacio de Loyola";1969;1969
323;"Ignacio de Loyola";1960;1960
323;"Ignacio de Loyola";3643;3643
323;"Ignacio de Loyola";1962;1962
323;"Ignacio de Loyola";2445;2445
323;"Ignacio de Loyola";1271;1271
323;"Ignacio de Loyola";2575;2575
323;"Ignacio de Loyola";1939;1939
323;"Ignacio de Loyola";829;829
323;"Ignacio de Loyola";3023;3023
323;"Ignacio de Loyola";2448;2448
323;"Ignacio de Loyola";3046;3046
323;"Ignacio de Loyola";2256;2256
323;"Ignacio de Loyola";3064;3064
323;"Ignacio de Loyola";3065;3065
323;"Ignacio de Loyola";3068;3068
323;"Ignacio de Loyola";3176;3176
323;"Ignacio de Loyola";3108;3108
323;"Ignacio de Loyola";3019;3019
323;"Ignacio de Loyola";2446;2446
323;"Ignacio de Loyola";1913;1913
323;"Ignacio de Loyola";1928;1928
323;"Ignacio de Loyola";2444;2444
323;"Ignacio de Loyola";612;612
323;"Ignacio de Loyola";621;621
323;"Ignacio de Loyola";622;622
323;"Ignacio de Loyola";1560;1560
323;"Ignacio de Loyola";4970;4970
323;"Ignacio de Loyola";1092;1092
323;"Ignacio de Loyola";1749;1749
323;"Ignacio de Loyola";962;962
323;"Ignacio de Loyola";4385;4385
323;"Ignacio de Loyola";1914;1914
323;"Ignacio de Loyola";1094;1094
323;"Ignacio de Loyola";4440;4440
323;"Ignacio de Loyola";4387;4387
323;"Ignacio de Loyola";4384;5496
323;"Ignacio de Loyola";1093;1093
323;"Ignacio de Loyola";1728;1728
323;"Ignacio de Loyola";2452;2452
323;"Ignacio de Loyola";1091;1091
323;"Ignacio de Loyola";4388;4388
323;"Ignacio de Loyola";6122;6122
323;"Ignacio de Loyola";4640;4640
323;"Ignacio de Loyola";4638;4638
323;"Ignacio de Loyola";2450;2450
323;"Ignacio de Loyola";890;5508
323;"Ignacio de Loyola";1095;1095
323;"Ignacio de Loyola";899;899
323;"Ignacio de Loyola";4378;4378
323;"Ignacio de Loyola";1100;1100
323;"Ignacio de Loyola";1108;1108
323;"Ignacio de Loyola";1101;1101
323;"Ignacio de Loyola";4383;4383
323;"Ignacio de Loyola";3103;3103
323;"Ignacio de Loyola";6040;6040
323;"Ignacio de Loyola";912;3244
323;"Ignacio de Loyola";1102;1102
323;"Ignacio de Loyola";1103;1103
324;"Iluminado/santos/ José joven";3830;3830
325;"Imagen de cristo";1538;1538
326;"Impío";766;766
327;"Imposición del hábito";4686;4686
327;"Imposición del hábito";4715;4715
328;"Inca";2200;2200
329;"Incensario";1129;1129
330;"Incensarios";2793;2793
331;"Indígena";8585;9439
332;"Indígenas";1500;1500
332;"Indígenas";3766;3766
333;"Indigenas/criollos";1214;1214
333;"Indigenas/criollos";1213;1213
334;"Indio";1429;1429
335;"Indios";2652;2652
336;"Infierno";5683;5683
336;"Infierno";5680;5680
336;"Infierno";5677;5677
336;"Infierno";1501;1501
336;"Infierno";1225;6482
336;"Infierno";5819;5819
336;"Infierno";664;664
336;"Infierno";1440;1440
336;"Infierno";4386;4386
336;"Infierno";2118;2118
336;"Infierno";4402;9519
337;"Inmaculada";2509;2509
337;"Inmaculada";1618;1618
337;"Inmaculada";2309;2309
337;"Inmaculada";2308;2308
337;"Inmaculada";4899;4899
337;"Inmaculada";5459;5459
337;"Inmaculada";2227;2227
337;"Inmaculada";1164;1164
337;"Inmaculada";931;931
337;"Inmaculada";1856;1856
337;"Inmaculada";2313;2313
337;"Inmaculada";2198;2198
338;"Inmaculada Concepción";5786;5786
339;"Inmaculada Cristo";1163;1163
340;"Inmaculanda";2218;2218
341;"Inocencia";5917;5917
342;"Intercambio de corazones";1619;1619
342;"Intercambio de corazones";3632;3632
343;"Interior iglesia";3819;3819
344;"Invierno";4254;4254
345;"Jaguar";8613;9467
346;"Jardín";1163;1163
346;"Jardín";1024;1024
346;"Jardín";1588;1588
346;"Jardín";392;392
347;"Jardín del paraíso";1164;1164
348;"Jardín/Flores";5176;5176
348;"Jardín/Flores";3713;3713
349;"Jesuitas";4378;4378
350;"Jesuitas/Casas";1960;1960
350;"Jesuitas/Casas";1928;1928
351;"Jesús";3817;3817
351;"Jesús";919;919
351;"Jesús";1991;1991
351;"Jesús";2432;2432
351;"Jesús";32;32
351;"Jesús";22;22
351;"Jesús";3889;3889
351;"Jesús";176;176
351;"Jesús";5;5
351;"Jesús";16;16
351;"Jesús";3874;3874
351;"Jesús";3888;3888
351;"Jesús";922;922
351;"Jesús";1267;1267
351;"Jesús";5266;5266
351;"Jesús";892;892
351;"Jesús";2770;2770
351;"Jesús";2771;2771
351;"Jesús";608;608
351;"Jesús";999;999
351;"Jesús";467;467
351;"Jesús";2512;2512
351;"Jesús";3634;3634
351;"Jesús";1990;1990
351;"Jesús";3638;3638
351;"Jesús";349;349
351;"Jesús";2322;2322
351;"Jesús";1024;1024
351;"Jesús";367;367
351;"Jesús";1988;1988
351;"Jesús";43;43
351;"Jesús";1989;1989
351;"Jesús";2786;2786
351;"Jesús";2640;2640
351;"Jesús";4828;4828
351;"Jesús";224;224
351;"Jesús";4264;4264
351;"Jesús";4843;4843
351;"Jesús";4757;4757
352;"Jesús con baston";1502;1502
353;"Jesús con cinta verde";2812;2812
354;"Jesús con cruz";526;526
354;"Jesús con cruz";4964;4964
355;"Jesús con flores";3852;3852
356;"Jesús con llaves";2748;2748
357;"Jesús con orbe";3288;3288
357;"Jesús con orbe";4457;4457
358;"Jesus con orbe/paloma con corona de espinas";806;806
359;"Jesús con vara florida";4624;4624
360;"Jesús desnudo";8140;8994
360;"Jesús desnudo";919;919
361;"Jesús dormido";8090;8944
361;"Jesús dormido";455;455
361;"Jesús dormido";8105;8959
361;"Jesús dormido";4275;4275
362;"Jesús imberbe";389;389
363;"Jesús niño";3122;3122
363;"Jesús niño";1493;1493
364;"Jesús Pontifical";4713;4713
364;"Jesús Pontifical";4668;4668
365;"Jesús rey";2201;2201
366;"Jesús sobre cordero";1497;1497
367;"Jesús y santa";4721;4721
368;"Jose";3122;3122
369;"José";2650;2650
370;"José con azucenas";1009;1009
370;"José con azucenas";1623;1623
370;"José con azucenas";4925;4925
371;"José con azucenas y Jesús con cruz";421;421
371;"José con azucenas y Jesús con cruz";5648;5648
372;"José con corona";4461;4461
372;"José con corona";3366;3366
372;"José con corona";3368;3368
372;"José con corona";374;374
372;"José con corona";4458;4458
372;"José con corona";4701;4701
372;"José con corona";473;473
373;"José con corona de azucenas";773;773
374;"José con corona de flores";8087;8941
375;"José con fruta, Jesús con azucena";503;503
376;"José con malki roja";26;26
377;"José dormido";545;545
378;"José en un árbol";5403;5403
379;"José ofrece fruta";1756;1756
380;"José y Jesús con cántaros";8255;9109
381;"Judas Tadeo";859;859
382;"Judith";1781;1781
383;"Juego de dados";389;389
383;"Juego de dados";5587;5587
383;"Juego de dados";2637;7750
384;"Juicio Final";5684;5684
384;"Juicio Final";5686;5686
384;"Juicio Final";5695;5695
384;"Juicio Final";5693;5693
384;"Juicio Final";2714;2714
384;"Juicio Final";2243;2243
384;"Juicio Final";5687;5687
384;"Juicio Final";5688;5688
384;"Juicio Final";2185;2185
384;"Juicio Final";1570;1570
384;"Juicio Final";5685;5685
384;"Juicio Final";5691;5691
384;"Juicio Final";5692;5692
384;"Juicio Final";995;995
384;"Juicio Final";478;478
384;"Juicio Final";2502;2502
385;"Justicia";5931;5931
386;"Justo";1334;1334
387;"Juventud";5920;5920
387;"Juventud";2912;2912
388;"La buena y la mala muerte";3708;3708
389;"La Unicion";4376;4376
390;"Lactación";4682;4682
390;"Lactación";1152;1152
390;"Lactación";1259;1259
390;"Lactación";4681;4681
390;"Lactación";4727;4727
391;"Lagar";1620;1620
392;"lagar místico";5705;5705
392;"lagar místico";5704;5704
392;"lagar místico";1890;1890
392;"lagar místico";3911;3911
392;"lagar místico";2100;2100
392;"lagar místico";5703;5703
393;"Lampara";1902;1902
394;"Lanza";5841;5841
395;"Látigo";5837;5837
396;"Laud";5824;5824
397;"Lavacion de los pies";5668;5668
398;"Lavando ropa en un río/Virgen con sombrero";2077;710
399;"Lectura";1710;1710
399;"Lectura";4725;4725
399;"Lectura";1709;1709
400;"Leones y caimán";2669;2669
401;"Letanías";1576;1576
402;"Letanias lauretanas";2645;2645
403;"Leviatán";4402;9519
404;"Ley";5817;5817
405;"Libro";4727;4727
405;"Libro";1237;1237
405;"Libro";4719;4719
405;"Libro";4726;4726
405;"Libro";1231;1231
405;"Libro";5980;5980
405;"Libro";1239;1239
405;"Libro";1242;1242
405;"Libro";1234;1234
405;"Libro";4716;4716
405;"Libro";5979;5979
405;"Libro";4718;4718
405;"Libro";423;423
405;"Libro";208;208
405;"Libro";2684;4059
406;"Libros";1822;1822
406;"Libros";3038;3038
407;"Lienzo de La Verónica";1465;1465
408;"Lima y Cusco";1153;1153
409;"Lirios";3122;3122
410;"Locura";5812;5812
411;"Madre Santa";4712;4712
412;"Madre y Santa";4667;4667
413;"Majestad";5373;5373
414;"Mal";2208;2208
415;"Manojo de Espigas";1855;1855
416;"Manos de Dios";4364;4364
417;"Mar";5818;5818
418;"Marco de flores";1340;1340
419;"MARIA";220;220
420;"María amamanta a Jesús";5377;5698
421;"María cocina";5169;5169
421;"María cocina";5170;5170
422;"María con corona";1492;1492
422;"María con corona";5157;5157
422;"María con corona";5147;5147
423;"María con sombrero";820;820
423;"María con sombrero";5307;5307
424;"María Inmaculada de Guadalupe";1216;1216
425;"María, San Juan, querubines.";1330;1330
426;"Martillo";1904;1904
426;"Martillo";1903;1903
427;"Martirio Dios Tunupa";5687;5687
428;"Matrimonio";4665;4665
428;"Matrimonio";1470;1470
428;"Matrimonio";5579;5579
428;"Matrimonio";2564;2564
428;"Matrimonio";131;131
428;"Matrimonio";5291;5291
428;"Matrimonio";4652;4652
428;"Matrimonio";5305;5305
428;"Matrimonio";2;2
428;"Matrimonio";5306;5306
428;"Matrimonio";3185;3185
428;"Matrimonio";8035;8889
428;"Matrimonio";439;439
428;"Matrimonio";3830;3830
428;"Matrimonio";330;330
428;"Matrimonio";2497;2497
428;"Matrimonio";2116;2116
428;"Matrimonio";2248;2248
428;"Matrimonio";836;836
428;"Matrimonio";4483;4483
428;"Matrimonio";8036;8890
428;"Matrimonio";837;837
428;"Matrimonio";4500;4500
428;"Matrimonio";1964;1964
428;"Matrimonio";8037;8891
428;"Matrimonio";1569;1569
428;"Matrimonio";3552;3552
428;"Matrimonio";4922;4922
428;"Matrimonio";2741;2741
428;"Matrimonio";3339;3339
428;"Matrimonio";4270;4270
428;"Matrimonio";1214;1214
428;"Matrimonio";4256;4256
428;"Matrimonio";1963;1963
428;"Matrimonio";4364;4364
429;"Media luna.";8612;9466
430;"Medigo";376;376
431;"Melancolía";2635;2635
432;"MENTO";218;218
433;"Mercaderes";2501;2501
434;"Mesa";1397;1397
434;"Mesa";5410;5410
434;"Mesa";3297;3297
434;"Mesa";954;954
434;"Mesa";1399;1399
434;"Mesa";5389;9544
435;"Mesa con florero";8143;8997
436;"Mesa con frutas";4695;4695
436;"Mesa con frutas";1265;1265
436;"Mesa con frutas";1498;1498
437;"Mesa con mantel rojo";8407;9261
438;"México";615;615
438;"México";3700;3700
438;"México";1338;1338
438;"México";3821;3821
438;"México";833;833
439;"Miguel Cabrera";3018;3018
440;"Milagro";4724;4724
440;"Milagro";2648;2648
440;"Milagro";4681;4681
440;"Milagro";4682;4682
440;"Milagro";4581;4581
440;"Milagro";582;582
441;"Milagro de la Palmera";3834;3834
442;"Milagros";1622;1622
443;"Milagros/demonios";2290;2290
444;"Ministerio";1268;1268
445;"Mirada divina";5786;5786
446;"Misa";3707;3707
446;"Misa";4677;4677
446;"Misa";3695;3695
446;"Misa";3708;3708
446;"Misa";4723;4723
447;"Misa/Jesuitas";3103;3103
448;"Misterios de Rosario";2370;2370
449;"Misterios del rosario";2326;2326
450;"misterios dolorosos";2209;2209
451;"misterios gozosos";2209;2209
452;"Monasterio Carmelitas Descalzas.";2515;2515
453;"Monja";5836;5836
454;"Monjas  y santa";4608;4608
455;"monjas frente a seglares";4608;4608
456;"Monograma de Cristo";1893;1893
457;"monograma de Jesús";3934;3934
458;"Moribundo";7202;8056
458;"Moribundo";5813;5813
459;"Muchedumbre";1550;1550
460;"Muerte";5446;5446
460;"Muerte";475;475
460;"Muerte";1867;1867
460;"Muerte";2250;2250
460;"Muerte";2185;2185
460;"Muerte";3065;3065
460;"Muerte";8023;8877
460;"Muerte";478;478
460;"Muerte";995;995
460;"Muerte";3098;3098
460;"Muerte";3064;3064
460;"Muerte";1170;1170
460;"Muerte";5687;5687
460;"Muerte";4616;4616
460;"Muerte";1255;1255
460;"Muerte";2641;7762
460;"Muerte";766;766
460;"Muerte";1334;1334
460;"Muerte";5693;5693
460;"Muerte";5686;5686
460;"Muerte";5684;5684
460;"Muerte";5531;5531
460;"Muerte";5695;5695
460;"Muerte";2714;2714
460;"Muerte";4765;4765
460;"Muerte";5688;5688
460;"Muerte";5691;5691
460;"Muerte";5685;5685
460;"Muerte";4188;4188
460;"Muerte";826;826
460;"Muerte";5692;5692
460;"Muerte";5678;5678
460;"Muerte";2208;2208
460;"Muerte";1570;1570
460;"Muerte";3163;3163
460;"Muerte";2521;2521
460;"Muerte";2502;2502
460;"Muerte";3851;3851
460;"Muerte";3800;3800
460;"Muerte";1250;1250
460;"Muerte";5530;5530
460;"Muerte";1252;1252
460;"Muerte";8051;8905
460;"Muerte";5679;5679
460;"Muerte";3275;3275
460;"Muerte";8203;9057
460;"Muerte";1253;1253
460;"Muerte";1605;1605
461;"Muerte de santa";4680;4680
462;"Muerte de Santa Rosa de Lima";4694;4694
462;"Muerte de Santa Rosa de Lima";394;394
462;"Muerte de Santa Rosa de Lima";5570;5570
462;"Muerte de Santa Rosa de Lima";4693;4693
463;"Muerte santa";2630;2630
464;"Muerte y milagros";5510;5510
465;"Muerte y Santidad/Miguel Cabrera";622;622
466;"Muerte, Purgatorio e Infierno";5677;5677
467;"Muerte/Batalla";2931;2931
468;"Mujer";5840;5840
468;"Mujer";5818;5818
468;"Mujer";5821;5821
468;"Mujer";5825;5825
468;"Mujer";5822;5822
468;"Mujer";5826;5826
468;"Mujer";5816;5816
468;"Mujer";5823;5823
468;"Mujer";5810;5810
468;"Mujer";5820;5820
468;"Mujer";5829;5829
468;"Mujer";5830;5830
468;"Mujer";5839;5839
468;"Mujer";5921;5921
468;"Mujer";5824;5824
468;"Mujer";5815;5815
468;"Mujer";5819;5819
468;"Mujer";5827;5827
468;"Mujer";5828;5828
469;"Multiplicación panes";4724;4724
470;"Mundo";7195;8049
471;"Mural";5680;5680
471;"Mural";4386;4386
472;"Muro";885;885
473;"Muro de Jericó";1179;1179
474;"Musa";5929;5929
475;"Musica";4671;4671
476;"Música";2643;2643
477;"Musicos";835;835
477;"Musicos";5376;5376
477;"Musicos";1425;1425
478;"Nacimiento";1645;1645
479;"Nacimiento/Miguel Cabrera";621;621
480;"Nacimiento/Villalpando";3068;3068
481;"Nacimientod de Santa Rosa";5565;5565
481;"Nacimientod de Santa Rosa";4683;4683
482;"Natividad";3;3
482;"Natividad";1855;1855
483;"NI DEUDA";221;221
484;"Niño";1901;1901
484;"Niño";8383;9237
484;"Niño";7073;7927
484;"Niño";8421;9275
484;"Niño";1136;1136
484;"Niño";480;480
485;"Niño Jesús";2295;2295
485;"Niño Jesús";2849;2849
485;"Niño Jesús";2471;2471
485;"Niño Jesús";2079;4918
485;"Niño Jesús";2297;2297
485;"Niño Jesús";2649;2649
485;"Niño Jesús";2704;2704
485;"Niño Jesús";2848;2848
485;"Niño Jesús";1699;1699
485;"Niño Jesús";2847;2847
485;"Niño Jesús";1623;1623
485;"Niño Jesús";2636;2636
485;"Niño Jesús";2472;2472
485;"Niño Jesús";2474;2474
485;"Niño Jesús";2845;2845
485;"Niño Jesús";2846;2846
485;"Niño Jesús";2476;2476
485;"Niño Jesús";4464;4464
485;"Niño Jesús";3288;3288
485;"Niño Jesús";1416;1416
485;"Niño Jesús";4972;4972
485;"Niño Jesús";4964;4964
485;"Niño Jesús";4961;4961
485;"Niño Jesús";4925;4925
485;"Niño Jesús";2850;2850
485;"Niño Jesús";4785;4785
485;"Niño Jesús";4701;4701
485;"Niño Jesús";936;936
485;"Niño Jesús";4647;4647
485;"Niño Jesús";4624;4624
485;"Niño Jesús";4973;4973
485;"Niño Jesús";4470;4470
485;"Niño Jesús";773;773
485;"Niño Jesús";4461;4461
485;"Niño Jesús";4458;4458
485;"Niño Jesús";4457;4457
485;"Niño Jesús";4275;4275
485;"Niño Jesús";3790;3790
485;"Niño Jesús";3696;3696
485;"Niño Jesús";1268;1268
485;"Niño Jesús";3560;3560
485;"Niño Jesús";3189;3189
485;"Niño Jesús";3368;3368
485;"Niño Jesús";1340;1340
485;"Niño Jesús";3366;3366
485;"Niño Jesús";3334;3334
485;"Niño Jesús";4475;4475
485;"Niño Jesús";8090;8944
485;"Niño Jesús";26;26
485;"Niño Jesús";2851;2851
485;"Niño Jesús";8562;9416
485;"Niño Jesús";2853;2853
485;"Niño Jesús";8407;9261
485;"Niño Jesús";8349;9203
485;"Niño Jesús";8281;9135
485;"Niño Jesús";2898;2898
485;"Niño Jesús";148;148
485;"Niño Jesús";8226;9080
485;"Niño Jesús";8217;9071
485;"Niño Jesús";8170;9024
485;"Niño Jesús";8143;8997
485;"Niño Jesús";8105;8959
485;"Niño Jesús";374;374
485;"Niño Jesús";503;503
485;"Niño Jesús";473;473
485;"Niño Jesús";455;455
485;"Niño Jesús";5648;5648
485;"Niño Jesús";421;421
485;"Niño Jesús";8140;8994
485;"Niño Jesús";404;404
485;"Niño Jesús";4825;4825
485;"Niño Jesús";6074;6074
485;"Niño Jesús";7125;7979
485;"Niño Jesús";8086;8940
485;"Niño Jesús";8087;8941
485;"Niño Jesús";8089;8943
486;"Niño/corazón";731;731
487;"Niño/corazón/corona de flores";4811;4811
488;"Niño/piel oscura";3660;3660
489;"Niños";452;452
490;"Nueva Jerusalén";2308;2308
491;"Obelisco";8611;9465
492;"Obispo y Rey de España";2306;2306
493;"Oficio manual";4678;4678
494;"Ofrecimiento de flores";335;335
495;"Oleo sobre madera";2079;4918
496;"Oración";4345;5490
496;"Oración";5586;5586
496;"Oración";5569;5569
497;"Oración en el huerto";1857;1857
498;"Oración huerto";1219;1219
498;"Oración huerto";3651;3651
498;"Oración huerto";2317;2317
498;"Oración huerto";1446;1446
498;"Oración huerto";2076;2076
498;"Oración huerto";3340;3340
498;"Oración huerto";1451;1451
498;"Oración huerto";151;151
498;"Oración huerto";3080;3080
498;"Oración huerto";3313;3313
498;"Oración huerto";2783;2783
499;"Orbes";82;82
500;"Orden";4373;4373
501;"Orden de Sacerdote";1102;1102
501;"Orden de Sacerdote";3108;3108
502;"Orden franciscana";2227;2227
502;"Orden franciscana";4899;4899
503;"Orden jesuita";3860;3860
504;"Órdenes franciscanas";5459;5459
504;"Órdenes franciscanas";5461;5461
504;"Órdenes franciscanas";2313;2313
504;"Órdenes franciscanas";5462;5462
504;"Órdenes franciscanas";2509;2509
505;"Órdenes Religiosas";3711;3711
505;"Órdenes Religiosas";3768;3768
505;"Órdenes Religiosas";2185;2185
506;"Oval";1475;1475
506;"Oval";2420;2420
506;"Oval";3325;3325
506;"Oval";1338;1338
507;"Paciencia";5921;5921
508;"Padre e hija santa";4669;4669
508;"Padre e hija santa";4714;4714
509;"Padres de la Iglesia";8054;8908
510;"Paisaje";4713;4713
510;"Paisaje";1427;1427
510;"Paisaje";3342;3342
511;"Paloma";5141;5141
512;"Paloma/Ángeles";2248;2248
513;"Palomas";3850;3850
513;"Palomas";2516;2516
513;"Palomas";548;548
514;"Papa";4676;4676
515;"Papa y Rey de España";7195;8049
516;"Papa, rey.";4188;4188
517;"Papa/Compañia de Jesús";1939;1939
518;"Parabola/sermón";1100;1100
519;"Pasión";3560;3560
520;"Pasión Cristo";1935;1935
521;"Pasión de Cristo";1588;1588
522;"Patria/santo";6122;6122
523;"Patrocinio";3696;3696
523;"Patrocinio";2923;2923
523;"Patrocinio";8349;9203
523;"Patrocinio";8359;9213
523;"Patrocinio";1022;1022
523;"Patrocinio";3766;3766
523;"Patrocinio";1393;1393
523;"Patrocinio";665;665
524;"pecado";3899;3899
524;"pecado";1997;1997
525;"Pecador";5814;5814
525;"Pecador";5924;5924
526;"Pecados, Cavernas";5683;5683
527;"Pena";5924;5924
528;"Pensante";3841;3841
529;"Pergaminos";2689;2689
531;"Perros";5410;5410
532;"Piedad";3923;3923
532;"Piedad";3915;3915
532;"Piedad";5370;5370
532;"Piedad";741;741
533;"Pintura dorada";5146;5146
534;"Pintura dorada/ Pretendiente rechazado";2564;2564
535;"Plamas del martirio";3941;3941
536;"Plataforma celeste/coronas de rosas";5291;5291
537;"Plato";1725;1725
538;"Plato con guante y joyas";1903;1903
538;"Plato con guante y joyas";1904;1904
539;"Plato con jarra";3646;3646
539;"Plato con jarra";1902;1902
540;"Plumario";1230;1230
541;"Pobres";4678;4678
542;"Pobreza";2912;2912
542;"Pobreza";2909;2909
542;"Pobreza";5920;5920
543;"Política";2191;2191
544;"Polvo";5813;5813
545;"Posada";5307;5307
545;"Posada";820;820
545;"Posada";5192;5192
547;"Postrimería";2521;2521
548;"Postrimerias";1501;1501
548;"Postrimerias";5675;5675
548;"Postrimerias";2118;2118
549;"postrimerías";5676;5676
550;"Predicacion";4383;4383
550;"Predicacion";4346;4346
551;"premonición de la pasión ";700;700
551;"premonición de la pasión ";2282;2282
551;"premonición de la pasión ";2901;2901
551;"premonición de la pasión ";3911;3911
551;"premonición de la pasión ";1150;1150
551;"premonición de la pasión ";2747;2747
551;"premonición de la pasión ";703;703
551;"premonición de la pasión ";3125;3125
551;"premonición de la pasión ";3934;3934
551;"premonición de la pasión ";4844;4844
551;"premonición de la pasión ";1638;1638
551;"premonición de la pasión ";5177;5177
552;"Prendedor de cabello de la Virgen/ Mantilla sacerdote/ Pretendiente rechazado";2741;2741
553;"Prensa mística";2197;2197
554;"Preso/Alcalá";4384;5496
554;"Preso/Alcalá";4350;4350
555;"Pretendiente";4685;4685
556;"Pretendiente rechazado";4483;4483
556;"Pretendiente rechazado";131;131
556;"Pretendiente rechazado";3185;3185
556;"Pretendiente rechazado";1569;1569
557;"Pretendiente rechazado/libro";4652;4652
558;"Primavera";4371;4371
559;"Primeros Jesuitas (9)";1093;1093
560;"Principatus";817;817
561;"Procesión";4694;4694
562;"Prodigalidad";5916;5916
563;"Profesion/Sacerdote";4362;4362
564;"Purgatorio";3695;3695
564;"Purgatorio";1128;1128
564;"Purgatorio";3706;3706
564;"Purgatorio";3710;3710
564;"Purgatorio";437;437
564;"Purgatorio";3711;3711
564;"Purgatorio";3708;3708
564;"Purgatorio";3749;3749
564;"Purgatorio";3707;3707
564;"Purgatorio";3768;3768
564;"Purgatorio";3771;3771
564;"Purgatorio";5675;5675
564;"Purgatorio";1890;1890
564;"Purgatorio";2569;2569
565;"Putrefacción";1605;1605
566;"Querubines";1893;1893
566;"Querubines";4;4
567;"Rama de laurel";1238;1238
568;"Rama de olivo";1235;1235
569;"Rama de palmera";1240;1240
570;"Ramo";1232;1232
571;"Ramo de flores";1236;1236
572;"Recien nacida";4710;4710
573;"Recipiente";1240;1240
574;"recoge las vestiduras";5225;5225
575;"Rector le pide perdon";2902;2902
575;"Rector le pide perdon";2903;2903
576;"Redención";2309;2309
577;"Redondel rojo sobre sacerdote";4665;4665
578;"Regreso";526;526
578;"Regreso";336;336
578;"Regreso";5134;5134
578;"Regreso";5135;5135
578;"Regreso";5986;5986
578;"Regreso";5146;5146
578;"Regreso";5136;5136
578;"Regreso";5143;5143
578;"Regreso";5139;5139
578;"Regreso";8078;8932
578;"Regreso";5140;5140
578;"Regreso";806;806
578;"Regreso";356;356
578;"Regreso";5141;5141
578;"Regreso";355;355
578;"Regreso";3791;3791
578;"Regreso";3154;3154
578;"Regreso";5144;5144
578;"Regreso";4662;4662
578;"Regreso";4666;4666
578;"Regreso";1230;1230
578;"Regreso";2762;2762
578;"Regreso";3819;3819
578;"Regreso";1502;1502
578;"Regreso";3110;3110
578;"Regreso";2746;2746
578;"Regreso";3296;3296
578;"Regreso";1337;1337
579;"Reloj";1688;1688
579;"Reloj";5827;5827
580;"Resurrección";1858;1858
581;"Retrato";4338;4338
581;"Retrato";4341;4341
581;"Retrato";2893;2893
581;"Retrato";2449;2449
581;"Retrato";252;252
581;"Retrato";4343;4343
581;"Retrato";2448;2448
581;"Retrato";4640;4640
581;"Retrato";4638;4638
581;"Retrato";4339;4339
581;"Retrato";4342;4342
581;"Retrato";4340;4340
581;"Retrato";2447;2447
581;"Retrato";5507;5507
581;"Retrato";2444;2444
581;"Retrato";4440;4440
581;"Retrato";2445;2445
581;"Retrato";2575;2575
581;"Retrato";3176;3176
582;"Retrato Jesús ecce-homo";406;406
583;"Retrato Santo";3117;3117
583;"Retrato Santo";2698;2698
583;"Retrato Santo";192;192
584;"Rey";2910;2910
584;"Rey";1250;1250
585;"Rico";5923;5923
586;"Riqueza";5927;5927
586;"Riqueza";2910;2910
587;"Ropas y bolso indígena";2745;2745
588;"Rueda";5930;5930
589;"Sabio";2911;2911
589;"Sabio";2909;2909
590;"Sacerdote";2750;2750
591;"Sacerdote/ Quito/Hernando de la Cruz";890;5508
592;"SACRA";217;217
593;"Sacramento";5669;5669
593;"Sacramento";5667;5667
593;"Sacramento";5668;5668
593;"Sacramento";4376;4376
593;"Sacramento";4373;4373
593;"Sacramento";3018;3018
593;"Sacramento";4372;4372
593;"Sacramento";3281;3281
593;"Sacramento";221;221
593;"Sacramento";213;213
593;"Sacramento";214;214
593;"Sacramento";215;215
593;"Sacramento";216;216
593;"Sacramento";217;217
593;"Sacramento";218;218
593;"Sacramento";4255;4255
593;"Sacramento";220;220
593;"Sacramento";1213;1213
593;"Sacramento";1894;1894
593;"Sacramento";222;222
593;"Sacramento";223;223
593;"Sacramento";5666;5666
593;"Sacramento";2200;2200
593;"Sacramento";4256;4256
593;"Sacramento";1214;1214
593;"Sacramento";219;219
593;"Sacramento";2363;2363
593;"Sacramento";4500;4500
593;"Sacramento";2306;2306
593;"Sacramento";2793;2793
594;"Sagrada Familia";947;947
594;"Sagrada Familia";1497;1497
594;"Sagrada Familia";3121;3121
594;"Sagrada Familia";4809;4809
594;"Sagrada Familia";8132;8986
594;"Sagrada Familia";2737;2737
594;"Sagrada Familia";4770;4770
594;"Sagrada Familia";2750;2750
594;"Sagrada Familia";5147;5147
594;"Sagrada Familia";8133;8987
594;"Sagrada Familia";4695;4695
594;"Sagrada Familia";897;897
594;"Sagrada Familia";1313;1313
594;"Sagrada Familia";820;820
594;"Sagrada Familia";7108;7962
594;"Sagrada Familia";925;925
594;"Sagrada Familia";3193;3193
594;"Sagrada Familia";2684;4059
594;"Sagrada Familia";2689;2689
594;"Sagrada Familia";1265;1265
594;"Sagrada Familia";5169;5169
594;"Sagrada Familia";325;325
594;"Sagrada Familia";5168;5168
594;"Sagrada Familia";2395;2395
594;"Sagrada Familia";2758;2758
594;"Sagrada Familia";3357;3357
594;"Sagrada Familia";8085;8939
594;"Sagrada Familia";5167;5167
594;"Sagrada Familia";2495;2495
594;"Sagrada Familia";1301;1301
594;"Sagrada Familia";5163;5163
594;"Sagrada Familia";5158;5158
594;"Sagrada Familia";5157;5157
594;"Sagrada Familia";3635;3635
594;"Sagrada Familia";8423;9277
594;"Sagrada Familia";1804;1804
594;"Sagrada Familia";3298;3298
594;"Sagrada Familia";8359;9213
594;"Sagrada Familia";2747;2747
594;"Sagrada Familia";3297;3297
594;"Sagrada Familia";2748;2748
594;"Sagrada Familia";1492;1492
594;"Sagrada Familia";8332;9186
594;"Sagrada Familia";2749;2749
594;"Sagrada Familia";3032;3032
594;"Sagrada Familia";8556;9410
594;"Sagrada Familia";44;44
594;"Sagrada Familia";1493;1493
594;"Sagrada Familia";4920;4920
594;"Sagrada Familia";1761;1761
594;"Sagrada Familia";1494;1494
594;"Sagrada Familia";1414;1414
594;"Sagrada Familia";1500;1500
594;"Sagrada Familia";1523;1523
594;"Sagrada Familia";1760;1760
594;"Sagrada Familia";208;208
594;"Sagrada Familia";1799;1799
594;"Sagrada Familia";1332;1332
594;"Sagrada Familia";2743;2743
594;"Sagrada Familia";8241;9095
594;"Sagrada Familia";8242;9096
594;"Sagrada Familia";3038;3038
594;"Sagrada Familia";8255;9109
594;"Sagrada Familia";3735;3735
594;"Sagrada Familia";3301;3301
594;"Sagrada Familia";5000;5000
594;"Sagrada Familia";3299;3299
594;"Sagrada Familia";8282;9136
594;"Sagrada Familia";8283;9137
594;"Sagrada Familia";8285;9139
594;"Sagrada Familia";8287;9141
594;"Sagrada Familia";159;159
594;"Sagrada Familia";1421;1421
594;"Sagrada Familia";4414;4414
594;"Sagrada Familia";1150;1150
594;"Sagrada Familia";1151;1151
594;"Sagrada Familia";4480;4480
594;"Sagrada Familia";548;548
594;"Sagrada Familia";5302;5302
594;"Sagrada Familia";5298;5298
594;"Sagrada Familia";5301;5301
594;"Sagrada Familia";2282;2282
594;"Sagrada Familia";492;492
594;"Sagrada Familia";5300;5300
594;"Sagrada Familia";2795;2795
594;"Sagrada Familia";3031;3031
594;"Sagrada Familia";5646;5646
594;"Sagrada Familia";5299;5299
594;"Sagrada Familia";3713;3713
594;"Sagrada Familia";545;545
594;"Sagrada Familia";5401;5401
594;"Sagrada Familia";2543;2543
594;"Sagrada Familia";2268;2268
594;"Sagrada Familia";1397;1397
594;"Sagrada Familia";2554;2554
594;"Sagrada Familia";5377;5698
594;"Sagrada Familia";5388;5388
594;"Sagrada Familia";5389;9544
594;"Sagrada Familia";4420;4420
594;"Sagrada Familia";5397;5397
594;"Sagrada Familia";5413;5413
594;"Sagrada Familia";5403;5403
594;"Sagrada Familia";3172;3172
594;"Sagrada Familia";5404;5404
594;"Sagrada Familia";5407;9548
594;"Sagrada Familia";5410;5410
594;"Sagrada Familia";1863;1863
594;"Sagrada Familia";5297;5297
594;"Sagrada Familia";5391;5391
594;"Sagrada Familia";3849;3849
594;"Sagrada Familia";1680;1680
594;"Sagrada Familia";1223;1223
594;"Sagrada Familia";954;954
594;"Sagrada Familia";1746;1746
594;"Sagrada Familia";5172;5172
594;"Sagrada Familia";1840;1840
594;"Sagrada Familia";2201;2201
594;"Sagrada Familia";3850;3850
594;"Sagrada Familia";5176;5176
594;"Sagrada Familia";1827;1827
594;"Sagrada Familia";5171;5171
594;"Sagrada Familia";340;340
594;"Sagrada Familia";1498;1498
594;"Sagrada Familia";3183;3183
594;"Sagrada Familia";5170;5170
594;"Sagrada Familia";5307;5307
594;"Sagrada Familia";3852;3852
594;"Sagrada Familia";5280;5280
594;"Sagrada Familia";5296;5296
594;"Sagrada Familia";4501;4501
594;"Sagrada Familia";1645;1645
594;"Sagrada Familia";754;754
594;"Sagrada Familia";5281;5281
594;"Sagrada Familia";446;446
594;"Sagrada Familia";5173;5173
594;"Sagrada Familia";4606;4606
594;"Sagrada Familia";7089;7943
594;"Sagrada Familia";423;423
594;"Sagrada Familia";5279;5279
594;"Sagrada Familia";1009;1009
594;"Sagrada Familia";2812;2812
594;"Sagrada Familia";1841;1841
594;"Sagrada Familia";5192;5192
594;"Sagrada Familia";1399;1399
595;"sagrado corazón";2901;2901
595;"sagrado corazón";2759;2759
596;"Sagrado Rostro";5986;5986
597;"Salamanca";4347;4347
598;"Salvación";3098;3098
599;"San Agustin y Santa Teresa";5140;5140
600;"San Felipe Neri";2915;2915
601;"San Francisco";4;4
601;"San Francisco";2714;2714
601;"San Francisco";5688;5688
601;"San Francisco";5692;5692
601;"San Francisco";1570;1570
601;"San Francisco";5693;5693
601;"San Francisco";1221;1221
602;"San Francisco de Asis";3706;3706
602;"San Francisco de Asis";1;1889
603;"San Francisco Javier";2917;2917
603;"San Francisco Javier";5531;5531
603;"San Francisco Javier";931;931
604;"San Gabriel arcangel";3603;3603
604;"San Gabriel arcangel";8277;9131
604;"San Gabriel arcangel";732;732
604;"San Gabriel arcangel";4299;4299
604;"San Gabriel arcangel";4432;4432
604;"San Gabriel arcangel";7121;7975
604;"San Gabriel arcangel";8161;9015
604;"San Gabriel arcangel";1146;1146
604;"San Gabriel arcangel";1137;1137
604;"San Gabriel arcangel";3602;3602
604;"San Gabriel arcangel";479;479
604;"San Gabriel arcangel";4466;4466
604;"San Gabriel arcangel";1454;1454
605;"San Ignacio";609;609
606;"San Ignacio de Loyola";931;931
606;"San Ignacio de Loyola";2217;2217
607;"San Ignacio de Loyola/San Francisco Javier/Santa Gertrudis?";4606;4606
608;"San Jerónimo";5675;5675
608;"San Jerónimo";2521;2521
609;"San Joaquin";4420;4420
609;"San Joaquin";8085;8939
609;"San Joaquin";4414;4414
610;"San Joaquín";1827;1827
610;"San Joaquín";1332;1332
610;"San Joaquín";8133;8987
611;"San Joaquin y Santa Ana";5144;5144
612;"San Joaquín y Santa Ana/Esconchado";4920;4920
613;"San Joaquín/Aureolas y traje con hojilla de oro";925;925
613;"San Joaquín/Aureolas y traje con hojilla de oro";1414;1414
613;"San Joaquín/Aureolas y traje con hojilla de oro";8242;9096
614;"San Joaquín/Joven";3183;3183
615;"San José";5530;5530
615;"San José";773;773
615;"San José";2704;2704
615;"San José";421;421
615;"San José";665;665
615;"San José";5648;5648
615;"San José";404;404
615;"San José";455;455
615;"San José";473;473
615;"San José";2849;2849
615;"San José";5446;5446
615;"San José";2847;2847
615;"San José";5531;5531
615;"San José";2845;2845
615;"San José";2853;2853
615;"San José";503;503
615;"San José";2852;2852
615;"San José";1623;1623
615;"San José";2851;2851
615;"San José";2850;2850
615;"San José";4469;4469
615;"San José";475;475
615;"San José";4616;4616
615;"San José";3696;3696
615;"San José";936;936
615;"San José";3766;3766
615;"San José";3790;3790
615;"San José";3800;3800
615;"San José";4647;4647
615;"San José";3851;3851
615;"San José";3163;3163
615;"San José";4624;4624
615;"San José";3366;3366
615;"San José";4475;4475
615;"San José";4471;4471
615;"San José";4470;4470
615;"San José";4464;4464
615;"San José";4275;4275
615;"San José";4461;4461
615;"San José";4458;4458
615;"San José";4457;4457
615;"San José";1022;1022
615;"San José";2846;2846
615;"San José";1416;1416
615;"San José";4973;4973
615;"San José";4972;4972
615;"San José";4964;4964
615;"San José";4961;4961
615;"San José";4925;4925
615;"San José";4924;4924
615;"San José";4923;4923
615;"San José";1268;1268
615;"San José";4825;4825
615;"San José";3368;3368
615;"San José";1393;1393
615;"San José";4785;4785
615;"San José";4765;4765
615;"San José";3189;3189
615;"San José";1340;1340
615;"San José";3288;3288
615;"San José";4701;4701
615;"San José";826;826
615;"San José";1699;1699
615;"San José";1727;1727
615;"San José";7125;7979
615;"San José";1867;1867
615;"San José";329;329
615;"San José";8143;8997
615;"San José";8105;8959
615;"San José";8023;8877
615;"San José";2250;2250
615;"San José";8086;8940
615;"San José";8170;9024
615;"San José";8090;8944
615;"San José";8021;8875
615;"San José";2295;2295
615;"San José";8089;8943
615;"San José";2297;2297
615;"San José";374;374
615;"San José";8088;8942
615;"San José";8087;8941
615;"San José";2848;2848
615;"San José";8051;8905
615;"San José";2476;2476
615;"San José";2471;2471
615;"San José";8217;9071
615;"San José";8408;9262
615;"San José";8407;9261
615;"San José";8140;8994
615;"San José";8249;9103
615;"San José";8562;9416
615;"San José";6064;6064
615;"San José";2079;4918
615;"San José";8226;9080
615;"San José";2472;2472
615;"San José";2474;2474
615;"San José";8203;9057
615;"San José";8174;9028
615;"San José";148;148
615;"San José";6074;6074
615;"San José";8281;9135
615;"San José";8349;9203
615;"San José";26;26
616;"San Juan Bauitsta/ Angel";5397;5397
616;"San Juan Bauitsta/ Angel";5391;5391
617;"San Juan Bautista";919;919
617;"San Juan Bautista";8170;9024
618;"San Juan bautista Niño";2282;2282
618;"San Juan bautista Niño";2747;2747
619;"San Juan Bautista y Santa Isabel";4809;4809
620;"San Juan Bautista/ Espiritu santo";5646;5646
621;"San Luis gonzaga";609;609
622;"San Miguel";5556;5556
622;"San Miguel";3919;3919
623;"San Miguel Arcángel";475;475
623;"San Miguel Arcángel";1799;1799
623;"San Miguel Arcángel";3800;3800
623;"San Miguel Arcángel";8051;8905
624;"San Nicolás de Tolentino";7108;7962
625;"San Pedro";858;858
625;"San Pedro";843;843
625;"San Pedro";921;921
625;"San Pedro";870;870
626;"San Pedro Apostol";6040;6040
626;"San Pedro Apostol";2243;2243
626;"San Pedro Apostol";1749;1749
626;"San Pedro Apostol";1914;1914
627;"San Zacarías";8249;9103
628;"Sangre de Cristo";5705;5705
628;"Sangre de Cristo";922;922
628;"Sangre de Cristo";3931;3931
628;"Sangre de Cristo";2197;2197
628;"Sangre de Cristo";3895;3895
628;"Sangre de Cristo";4672;4672
628;"Sangre de Cristo";3771;3771
628;"Sangre de Cristo";2224;2224
628;"Sangre de Cristo";3710;3710
628;"Sangre de Cristo";8054;8908
628;"Sangre de Cristo";5704;5704
628;"Sangre de Cristo";5703;5703
628;"Sangre de Cristo";5702;5702
628;"Sangre de Cristo";4719;4719
628;"Sangre de Cristo";5983;5983
629;"Santa Ana";1313;1313
629;"Santa Ana";8132;8986
629;"Santa Ana";1841;1841
629;"Santa Ana";1840;1840
630;"Santa Ana y San Joaquín";3735;3735
630;"Santa Ana y San Joaquín";3357;3357
630;"Santa Ana y San Joaquín";5167;5167
631;"Santa Ana/Aureolas y trajes con hojilla de oro";8241;9095
632;"Santa Ana/Mina";4480;4480
633;"Santa bebe del costado de cristo";391;391
633;"Santa bebe del costado de cristo";390;390
634;"Santa Brígida";2651;2651
635;"Santa Caralina de Siena";4729;4729
635;"Santa Caralina de Siena";4728;4728
636;"Santa Catalina de Siena";4722;4722
636;"Santa Catalina de Siena";4724;4724
636;"Santa Catalina de Siena";4719;4719
636;"Santa Catalina de Siena";4715;4715
636;"Santa Catalina de Siena";8545;9399
637;"Santa Cecilia";2219;2219
638;"Santa con emblemas";3806;3806
638;"Santa con emblemas";5559;5559
639;"Santa en oración";4674;4674
640;"Santa Gertrudis la Magna";6012;6012
640;"Santa Gertrudis la Magna";6010;6010
640;"Santa Gertrudis la Magna";1259;1259
640;"Santa Gertrudis la Magna";3632;3632
640;"Santa Gertrudis la Magna";4839;4839
640;"Santa Gertrudis la Magna";362;362
640;"Santa Gertrudis la Magna";1619;1619
640;"Santa Gertrudis la Magna";3812;3812
640;"Santa Gertrudis la Magna";1489;1489
640;"Santa Gertrudis la Magna";1152;1152
640;"Santa Gertrudis la Magna";1488;1488
640;"Santa Gertrudis la Magna";2440;2440
640;"Santa Gertrudis la Magna";5481;5481
640;"Santa Gertrudis la Magna";6011;6011
641;"Santa Isabel y San Juan Bautista";1494;1494
642;"Santa Isabel, San Zacarías y San Juan Bautista";1804;1804
643;"Santa Niña";4667;4667
643;"Santa Niña";1398;1398
644;"Santa Rita de Casia";4517;4517
644;"Santa Rita de Casia";1274;1274
645;"Santa Rosa corta su cabello";5567;5567
646;"Santa Rosa de Lima";4689;4689
646;"Santa Rosa de Lima";2649;2649
646;"Santa Rosa de Lima";3342;3342
646;"Santa Rosa de Lima";2652;2652
646;"Santa Rosa de Lima";4690;4690
646;"Santa Rosa de Lima";4692;4692
646;"Santa Rosa de Lima";4693;4693
646;"Santa Rosa de Lima";3559;3559
646;"Santa Rosa de Lima";4691;4691
646;"Santa Rosa de Lima";3560;3560
646;"Santa Rosa de Lima";2651;2651
646;"Santa Rosa de Lima";3806;3806
646;"Santa Rosa de Lima";4688;4688
646;"Santa Rosa de Lima";2650;2650
646;"Santa Rosa de Lima";2636;2636
646;"Santa Rosa de Lima";394;394
646;"Santa Rosa de Lima";1709;1709
646;"Santa Rosa de Lima";2640;2640
646;"Santa Rosa de Lima";2067;2067
646;"Santa Rosa de Lima";2639;2639
646;"Santa Rosa de Lima";2641;7762
646;"Santa Rosa de Lima";2637;7750
646;"Santa Rosa de Lima";2642;2642
646;"Santa Rosa de Lima";2635;2635
646;"Santa Rosa de Lima";2634;2634
646;"Santa Rosa de Lima";2633;2633
646;"Santa Rosa de Lima";390;390
646;"Santa Rosa de Lima";2632;7524
646;"Santa Rosa de Lima";389;389
646;"Santa Rosa de Lima";391;391
646;"Santa Rosa de Lima";4694;4694
646;"Santa Rosa de Lima";1710;1710
646;"Santa Rosa de Lima";2648;2648
646;"Santa Rosa de Lima";2647;2647
646;"Santa Rosa de Lima";395;395
646;"Santa Rosa de Lima";2646;2646
646;"Santa Rosa de Lima";392;392
646;"Santa Rosa de Lima";4687;4687
646;"Santa Rosa de Lima";3706;3706
646;"Santa Rosa de Lima";4686;4686
646;"Santa Rosa de Lima";4685;4685
646;"Santa Rosa de Lima";4684;4684
646;"Santa Rosa de Lima";4683;4683
646;"Santa Rosa de Lima";393;393
646;"Santa Rosa de Lima";2643;2643
646;"Santa Rosa de Lima";2644;2644
646;"Santa Rosa de Lima";5586;5586
646;"Santa Rosa de Lima";6016;6016
646;"Santa Rosa de Lima";5557;5557
646;"Santa Rosa de Lima";2353;2353
646;"Santa Rosa de Lima";5571;5571
646;"Santa Rosa de Lima";5556;5556
646;"Santa Rosa de Lima";5588;5588
646;"Santa Rosa de Lima";5565;5565
646;"Santa Rosa de Lima";5587;5587
646;"Santa Rosa de Lima";5559;5559
646;"Santa Rosa de Lima";2898;2898
646;"Santa Rosa de Lima";5585;5585
646;"Santa Rosa de Lima";2630;2630
646;"Santa Rosa de Lima";2654;2654
646;"Santa Rosa de Lima";1427;1427
646;"Santa Rosa de Lima";4971;4971
646;"Santa Rosa de Lima";1429;1429
646;"Santa Rosa de Lima";2655;2655
646;"Santa Rosa de Lima";1461;1461
646;"Santa Rosa de Lima";3334;3334
646;"Santa Rosa de Lima";582;582
646;"Santa Rosa de Lima";5568;5568
646;"Santa Rosa de Lima";5569;5569
646;"Santa Rosa de Lima";2274;2274
646;"Santa Rosa de Lima";1546;1546
646;"Santa Rosa de Lima";6051;6051
646;"Santa Rosa de Lima";2684;4059
646;"Santa Rosa de Lima";2656;2656
646;"Santa Rosa de Lima";5584;5584
646;"Santa Rosa de Lima";5566;5566
646;"Santa Rosa de Lima";5567;5567
646;"Santa Rosa de Lima";2443;2443
646;"Santa Rosa de Lima";5570;5570
647;"Santa Rosa rechaza pretendiente";5584;5584
647;"Santa Rosa rechaza pretendiente";5566;5566
648;"Santa Rosalía";6018;6018
648;"Santa Rosalía";1351;1351
648;"Santa Rosalía";3898;3898
648;"Santa Rosalía";3237;3237
648;"Santa Rosalía";6019;6019
649;"Santa Teresa de Jesús";2651;2651
650;"Santas";222;222
650;"Santas";223;223
650;"Santas";221;221
650;"Santas";220;220
650;"Santas";219;219
651;"santas órdenes femininas";3902;3902
652;"Santisima Trinidad";154;154
652;"Santisima Trinidad";2192;2192
653;"Santo con hermana";4713;4713
654;"Santo Domingo";2643;2643
654;"Santo Domingo";478;478
654;"Santo Domingo";7202;8056
655;"Santo Domingo y San Francisco";2326;2326
656;"Santo Tomas e Indigenas";2682;2682
657;"Santos";217;217
657;"Santos";218;218
657;"Santos";213;213
657;"Santos";214;214
657;"Santos";216;216
657;"Santos";215;215
658;"Santos Fundadores";5507;5507
658;"Santos Fundadores";4378;4378
658;"Santos Fundadores";4388;4388
658;"Santos Fundadores";1914;1914
658;"Santos Fundadores";4383;4383
658;"Santos Fundadores";1103;1103
658;"Santos Fundadores";5510;5510
658;"Santos Fundadores";4363;4363
658;"Santos Fundadores";4385;4385
658;"Santos Fundadores";1108;1108
658;"Santos Fundadores";4440;4440
658;"Santos Fundadores";4384;5496
658;"Santos Fundadores";4387;4387
658;"Santos Fundadores";6122;6122
658;"Santos Fundadores";621;621
658;"Santos Fundadores";899;899
658;"Santos Fundadores";912;3244
658;"Santos Fundadores";890;5508
658;"Santos Fundadores";6040;6040
658;"Santos Fundadores";4970;4970
658;"Santos Fundadores";829;829
658;"Santos Fundadores";252;252
658;"Santos Fundadores";819;819
658;"Santos Fundadores";284;284
658;"Santos Fundadores";308;308
658;"Santos Fundadores";4640;4640
658;"Santos Fundadores";622;622
658;"Santos Fundadores";1102;1102
658;"Santos Fundadores";4638;4638
658;"Santos Fundadores";612;612
658;"Santos Fundadores";1091;1091
658;"Santos Fundadores";1092;1092
658;"Santos Fundadores";1093;1093
658;"Santos Fundadores";5379;5379
658;"Santos Fundadores";1094;1094
658;"Santos Fundadores";1095;1095
658;"Santos Fundadores";1100;1100
658;"Santos Fundadores";1101;1101
658;"Santos Fundadores";3103;3103
658;"Santos Fundadores";962;962
658;"Santos Fundadores";1940;1940
658;"Santos Fundadores";2446;2446
658;"Santos Fundadores";3177;3177
658;"Santos Fundadores";3176;3176
658;"Santos Fundadores";2931;2931
658;"Santos Fundadores";2449;2449
658;"Santos Fundadores";3178;3178
658;"Santos Fundadores";2448;2448
658;"Santos Fundadores";2452;2452
658;"Santos Fundadores";2923;2923
658;"Santos Fundadores";2447;2447
658;"Santos Fundadores";1823;6123
658;"Santos Fundadores";2925;2925
658;"Santos Fundadores";3108;3108
658;"Santos Fundadores";3068;3068
658;"Santos Fundadores";2915;2915
658;"Santos Fundadores";2000;2000
658;"Santos Fundadores";1728;1728
658;"Santos Fundadores";1962;1962
658;"Santos Fundadores";2575;2575
658;"Santos Fundadores";3643;3643
658;"Santos Fundadores";1969;1969
658;"Santos Fundadores";2450;2450
658;"Santos Fundadores";1749;1749
658;"Santos Fundadores";2917;2917
658;"Santos Fundadores";2290;2290
658;"Santos Fundadores";1560;1560
658;"Santos Fundadores";2903;2903
658;"Santos Fundadores";2256;2256
658;"Santos Fundadores";1970;1970
658;"Santos Fundadores";1960;1960
658;"Santos Fundadores";1271;1271
658;"Santos Fundadores";1913;1913
658;"Santos Fundadores";4346;4346
658;"Santos Fundadores";3019;3019
658;"Santos Fundadores";1928;1928
658;"Santos Fundadores";1821;1821
658;"Santos Fundadores";1822;1822
658;"Santos Fundadores";4347;4347
658;"Santos Fundadores";2837;2837
658;"Santos Fundadores";2902;2902
658;"Santos Fundadores";2444;2444
658;"Santos Fundadores";4361;4361
658;"Santos Fundadores";4350;4350
658;"Santos Fundadores";4348;5494
658;"Santos Fundadores";2424;2424
658;"Santos Fundadores";4349;5493
658;"Santos Fundadores";3023;3023
658;"Santos Fundadores";2445;2445
658;"Santos Fundadores";4362;4362
658;"Santos Fundadores";2893;2893
658;"Santos Fundadores";1939;1939
658;"Santos Fundadores";4338;4338
658;"Santos Fundadores";4339;4339
658;"Santos Fundadores";4340;4340
658;"Santos Fundadores";4341;4341
658;"Santos Fundadores";4342;4342
658;"Santos Fundadores";3046;3046
658;"Santos Fundadores";4343;4343
658;"Santos Fundadores";3065;3065
658;"Santos Fundadores";3064;3064
658;"Santos Fundadores";4345;5490
659;"Santos jesuitas";1092;1092
660;"SEA";215;215
661;"Sello JHS";308;308
662;"Sentencia Jesús";3161;3161
662;"Sentencia Jesús";2299;2299
662;"Sentencia Jesús";350;350
664;"Serpiente/demonio";5302;5302
664;"Serpiente/demonio";2795;2795
665;"Sevilla";3896;3896
666;"Sibila";1856;1856
666;"Sibila";1857;1857
666;"Sibila";5979;5979
666;"Sibila";1858;1858
666;"Sibila";5980;5980
666;"Sibila";1859;1859
666;"Sibila";1855;1855
666;"Sibila";1860;1860
666;"Sibila";1240;1240
666;"Sibila";1242;1242
666;"Sibila";1241;1241
666;"Sibila";1236;1236
666;"Sibila";8549;9403
666;"Sibila";1232;1232
666;"Sibila";6041;6041
666;"Sibila";8550;9404
666;"Sibila";1231;1231
666;"Sibila";1237;1237
666;"Sibila";1238;1238
666;"Sibila";8548;9402
666;"Sibila";1235;1235
666;"Sibila";1234;1234
666;"Sibila";8551;9405
666;"Sibila";1233;1233
666;"Sibila";1239;1239
667;"Silla/Trono sobre asno";2956;2956
668;"símbolos de la pasión";3125;3125
668;"símbolos de la pasión";4844;4844
668;"símbolos de la pasión";3911;3911
668;"símbolos de la pasión";5177;5177
668;"símbolos de la pasión";3934;3934
668;"símbolos de la pasión";2901;2901
669;"Símbolos marianos";2308;2308
669;"Símbolos marianos";2718;2718
670;"símbolos pasión";700;700
670;"símbolos pasión";1638;1638
670;"símbolos pasión";1150;1150
670;"símbolos pasión";703;703
671;"Simio rey";5922;5922
672;"Simios";8614;9468
673;"Sócrates";5921;5921
674;"Sol y Luna";1022;1022
675;"Sombrero de plumas";8277;9131
676;"Sombrero María, aureolsa doradas";3154;3154
677;"Sueño";329;329
677;"Sueño";4924;4924
677;"Sueño";6064;6064
677;"Sueño";1727;1727
677;"Sueño";8021;8875
677;"Sueño";4923;4923
679;"Taller";3301;3301
679;"Taller";754;754
679;"Taller";4809;4809
679;"Taller";3121;3121
679;"Taller";8556;9410
679;"Taller";5170;5170
679;"Taller";947;947
679;"Taller";5397;5397
679;"Taller";5391;5391
679;"Taller";5401;5401
679;"Taller";5169;5169
679;"Taller";5168;5168
679;"Taller";3850;3850
679;"Taller";5413;5413
679;"Taller";2750;2750
679;"Taller";5163;5163
679;"Taller";8285;9139
679;"Taller";5171;5171
679;"Taller";5172;5172
679;"Taller";3298;3298
679;"Taller";5173;5173
679;"Taller";2852;2852
679;"Taller";5167;5167
680;"Tambor";4533;4533
681;"Tentación";4670;4670
682;"Tiara imperial y llaves de San Pedro";2853;2853
683;"Tiempo";5923;5923
683;"Tiempo";2225;2225
683;"Tiempo";4254;4254
684;"Tierra Santa";4348;5494
685;"Torre";5826;5826
686;"Tortuga";5925;5925
687;"Torturas";1440;1440
687;"Torturas";5683;5683
687;"Torturas";664;664
688;"Torturas y pecados";4402;9519
689;"Torturas, Indígenas y demonios";1501;1501
690;"Torturas, Pecados";4386;4386
690;"Torturas, Pecados";2118;2118
691;"Trabajo";2640;2640
691;"Trabajo";4690;4690
692;"Traje colonial";1129;1129
692;"Traje colonial";7094;7948
693;"Traje colonial/reyes";1146;1146
693;"Traje colonial/reyes";4466;4466
694;"Traje medieval";8285;9139
695;"Traje renancetista/Detalle";8037;8891
696;"Traje y sombrero";4533;4533
697;"Traje y sombrero renacentista de la Virgen";2955;2955
698;"Trajes con estampados de flores";148;148
699;"Trajes españoles";8556;9410
700;"Trajes moriscos/renacentistas";2116;2116
701;"Trajes renacentistas/corona de flores de María";5305;5305
702;"Trajes renacentistas/corona de María";5306;5306
703;"Transfiguración";2647;2647
703;"Transfiguración";2648;2648
703;"Transfiguración";8548;9402
704;"Transfiguración del rostro";2646;2646
705;"Trifacial";5374;5374
705;"Trifacial";1534;1534
705;"Trifacial";3927;3927
705;"Trifacial";5373;5373
705;"Trifacial";615;615
706;"Trinidad";5378;5378
706;"Trinidad";6074;6074
706;"Trinidad";1761;1761
706;"Trinidad";8078;8932
706;"Trinidad";6030;6030
706;"Trinidad";356;356
706;"Trinidad";5379;5379
706;"Trinidad";1534;1534
706;"Trinidad";2218;2218
706;"Trinidad";2759;2759
706;"Trinidad";2219;2219
706;"Trinidad";2217;2217
706;"Trinidad";2756;2756
706;"Trinidad";2210;2210
706;"Trinidad";2503;2503
706;"Trinidad";2749;2749
706;"Trinidad";6029;6029
706;"Trinidad";1475;1475
706;"Trinidad";1536;1536
706;"Trinidad";2713;2713
706;"Trinidad";2762;2762
706;"Trinidad";1656;1656
706;"Trinidad";6028;6028
706;"Trinidad";2755;2755
706;"Trinidad";3035;3035
706;"Trinidad";1465;1465
706;"Trinidad";5279;5279
706;"Trinidad";3749;3749
706;"Trinidad";3725;3725
706;"Trinidad";3700;3700
706;"Trinidad";3635;3635
706;"Trinidad";8287;9141
706;"Trinidad";5139;5139
706;"Trinidad";954;954
706;"Trinidad";4710;4710
706;"Trinidad";5280;5280
706;"Trinidad";3327;3327
706;"Trinidad";3325;3325
706;"Trinidad";5374;5374
706;"Trinidad";833;833
706;"Trinidad";3283;3283
706;"Trinidad";1969;1969
706;"Trinidad";1338;1338
706;"Trinidad";834;834
706;"Trinidad";3328;3328
706;"Trinidad";3922;3922
706;"Trinidad";615;615
706;"Trinidad";5373;5373
706;"Trinidad";5371;5371
706;"Trinidad";5370;5370
706;"Trinidad";5369;5369
706;"Trinidad";3928;3928
706;"Trinidad";2067;2067
706;"Trinidad";3927;3927
706;"Trinidad";3821;3821
706;"Trinidad";3923;3923
706;"Trinidad";3919;3919
706;"Trinidad";3849;3849
706;"Trinidad";3915;3915
706;"Trinidad";4531;4531
706;"Trinidad";741;741
706;"Trinidad";3896;3896
706;"Trinidad";3841;3841
706;"Trinidad";4501;4501
706;"Trinidad";3924;3924
707;"Trinidad y angeles";3297;3297
708;"Trinidad/Guadalupana";5281;5281
709;"Trinidad/sello IHS";1970;1970
710;"Tristeza por muerte";4680;4680
711;"Trnidad";2420;2420
712;"Trono";1536;1536
712;"Trono";6029;6029
712;"Trono";2713;2713
713;"Última cena";5;5
713;"Última cena";2515;2515
714;"Uvas";887;887
715;"Uvas.";940;940
716;"Vaca/Casa/Garzas";137;137
717;"Vanidad";5822;5822
718;"Vanitas";1170;1170
718;"Vanitas";4188;4188
718;"Vanitas";3275;3275
719;"Vara florida";8088;8942
719;"Vara florida";8408;9262
719;"Vara florida";8249;9103
720;"Vara flroida";8174;9028
721;"Varias escenas";2783;2783
722;"vencimiento del mal";4844;4844
723;"Venecia";4349;5493
724;"Veneración santo";1546;1546
726;"Vestido quiteño";732;732
726;"Vestido quiteño";1137;1137
726;"Vestido quiteño";3602;3602
727;"Vía purgativa";5812;5812
729;"vicios";3899;3899
729;"vicios";3027;3027
729;"vicios";1440;1440
729;"vicios";1997;1997
729;"vicios";5928;5928
730;"Vida santa";1622;1622
731;"Vidrio";5930;5930
732;"Villa europea";5192;5192
733;"Villalpando";3922;3922
734;"Virgen";5300;5300
734;"Virgen";8287;9141
734;"Virgen";5297;5297
734;"Virgen";2795;2795
734;"Virgen";1863;1863
734;"Virgen";340;340
734;"Virgen";1760;1760
734;"Virgen";8241;9095
734;"Virgen";5298;5298
734;"Virgen";4480;4480
734;"Virgen";5299;5299
734;"Virgen";1761;1761
734;"Virgen";1746;1746
734;"Virgen";8085;8939
734;"Virgen";5296;5296
734;"Virgen";5301;5301
734;"Virgen";5302;5302
734;"Virgen";2737;2737
734;"Virgen";8133;8987
734;"Virgen";325;325
734;"Virgen";4420;4420
734;"Virgen";4414;4414
734;"Virgen";3;3
734;"Virgen";4920;4920
734;"Virgen";8242;9096
734;"Virgen";3193;3193
734;"Virgen";3183;3183
734;"Virgen";1827;1827
734;"Virgen";1841;1841
734;"Virgen";1301;1301
734;"Virgen";1313;1313
734;"Virgen";1332;1332
734;"Virgen";1414;1414
734;"Virgen";3635;3635
734;"Virgen";5280;5280
734;"Virgen";8359;9213
734;"Virgen";1680;1680
734;"Virgen";3038;3038
734;"Virgen";8423;9277
734;"Virgen";2268;2268
734;"Virgen";2743;2743
734;"Virgen";2495;2495
734;"Virgen";423;423
734;"Virgen";5279;5279
734;"Virgen";208;208
734;"Virgen";159;159
734;"Virgen";5281;5281
734;"Virgen";1840;1840
734;"Virgen";8132;8986
734;"Virgen";8283;9137
734;"Virgen";925;925
735;"Virgen Apocalíptica";1618;1618
735;"Virgen Apocalíptica";2198;2198
736;"Virgen con niño";5556;5556
736;"Virgen con niño";2652;2652
737;"Virgen con sombrero";5134;5134
737;"Virgen con sombrero";5135;5135
737;"Virgen con sombrero";5136;5136
737;"Virgen con sombrero";336;336
737;"Virgen con sombrero";4666;4666
738;"Virgen de Guadalupe";1216;1216
739;"Virgen del Carmen";1461;1461
739;"Virgen del Carmen";3711;3711
739;"Virgen del Carmen";3695;3695
740;"Virgen del Carmen y San Francisco de Asis";5677;5677
741;"Virgen del Rosario";2569;2569
741;"Virgen del Rosario";2326;2326
741;"Virgen del Rosario";2365;2365
742;"Virgen Dolorosa";2243;2243
743;"Virgen Maria";2837;2837
743;"Virgen Maria";2363;2363
744;"Virgen María";4471;4471
744;"Virgen María";2191;2191
744;"Virgen María";3664;3664
744;"Virgen María";1576;1576
744;"Virgen María";2836;2836
744;"Virgen María";2759;2759
744;"Virgen María";2718;2718
744;"Virgen María";996;996
744;"Virgen María";4;4
744;"Virgen María";329;329
745;"Virgen María con NIño ";1155;1155
746;"Virgen Maria de Monserrat";4387;4387
747;"Virgen María y San José";3339;3339
747;"Virgen María y San José";2116;2116
747;"Virgen María y San José";5291;5291
747;"Virgen María y San José";8037;8891
747;"Virgen María y San José";836;836
747;"Virgen María y San José";837;837
747;"Virgen María y San José";4922;4922
747;"Virgen María y San José";3185;3185
747;"Virgen María y San José";4270;4270
747;"Virgen María y San José";4483;4483
747;"Virgen María y San José";5306;5306
747;"Virgen María y San José";3552;3552
747;"Virgen María y San José";131;131
747;"Virgen María y San José";4652;4652
747;"Virgen María y San José";4665;4665
747;"Virgen María y San José";1964;1964
747;"Virgen María y San José";1963;1963
747;"Virgen María y San José";8035;8889
747;"Virgen María y San José";8036;8890
747;"Virgen María y San José";330;330
747;"Virgen María y San José";2741;2741
747;"Virgen María y San José";439;439
747;"Virgen María y San José";1569;1569
747;"Virgen María y San José";4364;4364
747;"Virgen María y San José";2;2
747;"Virgen María y San José";2248;2248
747;"Virgen María y San José";5305;5305
747;"Virgen María y San José";2564;2564
747;"Virgen María y San José";5579;5579
747;"Virgen María y San José";2497;2497
747;"Virgen María y San José";1470;1470
747;"Virgen María y San José";3830;3830
748;"Virgen María.";1537;1537
748;"Virgen María.";7202;8056
749;"Virgen Maria/Ejercicios espirituales";3023;3023
750;"Virgen Maria/San Miguel arcangel";5658;5658
751;"Virgen Sol de Justicia";5786;5786
752;"Virgen y Angel";1821;1821
753;"Virgen y niño Jesús";5557;5557
753;"Virgen y niño Jesús";1;1889
754;"Virgen y San Jose";2756;2756
755;"Virgen/Demonio";1728;1728
756;"Virgen/Manresa";1091;1091
757;"Virtud";5916;5916
757;"Virtud";5918;5918
757;"Virtud";5926;5926
757;"Virtud";2913;2913
757;"Virtud";2911;2911
758;"Virtudes";82;82
758;"Virtudes";7191;8045
758;"Virtudes";1887;1887
758;"Virtudes";2909;2909
759;"Virtudes Teologales";3018;3018
761;"Vision";4714;4714
761;"Vision";4675;4675
762;"Visión";4728;4728
762;"Visión";4726;4726
762;"Visión";2649;2649
762;"Visión";4725;4725
762;"Visión";4691;4691
762;"Visión";4688;4688
762;"Visión";4668;4668
763;"Vision camino a Roma";3046;3046
764;"Vision de la batalla entre el ejercito de Dios y de Lucifer";899;899
765;"Visión de San Juan Evangelsita";1618;1618
766;"Visión Espiritu santo";4669;4669
767;"Visita Santos Lugares";4388;4388
768;"Y LA VIRGEN";219;219
768;"Y LA VIRGEN";18064;10118
769;"Castillo";2049;2049
770;"Candelaria";16747;6130
770;"Candelaria";16747;6288
771;"Columna salomónica";16747;6130
771;"Columna salomónica";16747;6288
772;"Báculo";16747;6130
772;"Báculo";16747;6288
773;"dorado";922;922
774;"Santa Clara";1;1889
774;"Santa Clara";4;4
775;"Apóstoles";5;5
776;"tronos";85;85
