Alegor¡as y Emblemas;Alegor¡as de la Virgen
Alegor¡as y Emblemas;Alegor¡as de la Virgen inmaculada
Alegor¡as y Emblemas;Alegor¡as b¡blicas
Alegor¡as y Emblemas;Alegor¡as Cristo Adulto
Alegor¡as y Emblemas;Alegor¡as Cristo ni¤o
Alegor¡as y Emblemas;Alegor¡as al coraz¢n
Alegor¡as y Emblemas;Emblemas
Alegor¡as y Emblemas;Estaciones y continentes
Alegor¡as y Emblemas;Letan¡as
Alegor¡as y Emblemas;Alegor¡as àrdenes religiosas
Alegor¡as y Emblemas;Otras alegor¡as
Alegor¡as y Emblemas;Sibilas
Alegor¡as y Emblemas;Triunfos de la Virgen
Alegor¡as y Emblemas;Virtudes
Alegor¡as y Emblemas;Zodiaco
Alegor¡as y Emblemas;Naves
Alegor¡as y Emblemas;Triunfos
M¡stica y Moral;M¡stica devociones
M¡stica y Moral;Moral pecado redenci¢n
M¡stica y Moral;Muerte
µngeles;µngel de la guarda
µngeles;µngeles
µngeles;Arc ngeles
µngeles;Arc ngeles Ap¢crifos
µngeles;Coros
Antiguo Testamento;Historia sagrada
Antiguo Testamento;Creaci¢n
Antiguo Testamento;Mois‚s
Antiguo Testamento;Abraham- Isaac
Antiguo Testamento;No‚ diluvio
Antiguo Testamento;Sa£l David
Antiguo Testamento;Mujeres AT
Antiguo Testamento;Profetas
Antiguo Testamento;Ad n-Eva y para¡so
Antiguo Testamento;Pentateuco
Antiguo Testamento;El¡as - Eliseo
Antiguo Testamento;Jacob
Antiguo Testamento;Ca¡n y Abel
Antiguo Testamento;Conquista de Cana n
Antiguo Testamento;Edith - Holofernes
Antiguo Testamento;Sans¢n
Cristol¢gico;Im genes devocionales
Cristol¢gico;Pasi¢n
Cristol¢gico;Vida P£blica
Dogma;Corte trono celestial
Dogma;Postrimer¡as
Dogma;Sacramentos credo
Dogma;Trinidad
Santos;Santas
Santos;Santos
Mariolog¡a;Advocaciones
Mariolog¡a;Vida Virgen
Mariolog¡a;Series
Historia;Conquista
Historia;Ind¡gena
Historia;Otros temas historia
Historia;Eclesi stica
Retrato;Cl‚rigos
Retrato;Familias
Retrato;Hombres
Retrato;Monjas
Retrato;Mujeres
Retrato;Ni¤os
Retrato;Miniaturas
Temas seculares;Biombos
Temas seculares;Barcos
Temas seculares;Cacer¡a
Temas seculares;Castas
Temas seculares;Cl sicos y mitol¢gicos
Temas seculares;Escenas cotidiana
Temas seculares;Escudos
Temas seculares;Naturaleza muerta
Temas seculares;Paisaje
Temas seculares;Vistas Urbanas
