"Simbolo";"Obra";"ID Imagen"
"Agnus dei";2307;2307
"Agnus dei";3904;3904
"Agua";2204;2204
"Agua";5832;5832
"Agua";5815;5815
"Aguila";8611;9465
"Aguila";2198;2198
"Aguila";2509;2509
"Aguila";5462;5462
"Aguila";5461;5461
"Aguila";5459;5459
"Aguila";7191;8045
"Aguila";5925;5925
"Aguila";2313;2313
"águila con espada";2191;2191
"Alas";5786;5786
"Alas";5829;5829
"Alma";2931;2931
"almas";838;838
"altar";1488;1488
"altar";4517;4517
"altar";3632;3632
"altar Virgen Maria";4362;4362
"anagrama IHS";2718;2718
"Ancla";3342;3342
"Ancla";2205;2205
"Ancla";5831;5831
"Ancla";5818;5818
"angel";912;3244
"angeles";1091;1091
"angeles";3065;3065
"angeles";1470;1470
"angeles";837;837
"angeles";4387;4387
"angeles";1271;1271
"angeles";2248;2248
"anillo";4671;4671
"anillo";2741;2741
"anillo";2632;7524
"anillo";3275;3275
"animales";1151;1151
"Animales (vacas";858;858
"animales representando los vicios";3027;3027
"antorcha";376;376
"arabescos";2116;2116
"árbol";2211;2211
"árbol";5824;5824
"árbol";5678;5678
"árbol";5679;5679
"árbol";1253;1253
"árbol";1101;1101
"árbol";2309;2309
"árbol con ratones en las raíces";1501;1501
"árbol de la redención";2326;2326
"Árbol de la vida- Vid";1155;1155
"Arbol del fruto prohibido";3928;3928
"Árbol del paraíso";1216;1216
"arca de la alianza";1179;1179
"arco";5811;5811
"arco";5820;5820
"arco";4723;4723
"arco";2651;2651
"Arco Iris";2644;2644
"Arco Iris";1398;1398
"arco y carcaj; fuego; leones y caimán; palmera";2669;2669
"arcos y flechas";1252;1252
"arcos y flechas";8613;9467
"arcos y flechas";4363;4363
"armadura";1093;1093
"armadura";1094;1094
"armadura";85;85
"armadura";1170;1170
"armadura";4363;4363
"arpa";4716;4716
"arpa";665;665
"arpa y flauta";1557;1557
"asno";37;37
"aurelola";2893;2893
"aureola";4378;4378
"aureola";4349;5493
"aureola";912;3244
"aureola";3660;3660
"aureola";2837;2837
"aureola";1100;1100
"aureola";1102;1102
"aureola";3;3
"aureola";1403;1403
"aureola";1;1889
"aureola";1101;1101
"aureola";4668;4668
"aureola";4384;5496
"aureola";3178;3178
"aureola";4640;4640
"aureola";4638;4638
"aureola de estrellas de la Virgen";8242;9096
"aureola de estrellas de la Virgen";8241;9095
"aureola de estrellas de la Virgen";1760;1760
"aureola de luz sobre la cabeza";1407;1407
"aureola de luz sobre la cabeza";2698;2698
"Aureola de luz sobre todo el cuerpo";1514;1514
"aureola de luz y en aro";392;392
"aureola de rayos";4825;4825
"aureola de rayos";3790;3790
"aureola de rayos";2848;2848
"aureola de rayos de Ana";8241;9095
"aureola de rayos de Jesús";1761;1761
"aureola de rayos de Jesús";1223;1223
"aureola de rayos de Jesús";3851;3851
"aureola de rayos de Jesús";3144;3144
"aureola de rayos de Jesús";26;26
"aureola de rayos de Jesús";2853;2853
"aureola de rayos de Jesús";1397;1397
"aureola de rayos de Jesús";3189;3189
"aureola de rayos de Jesús";3368;3368
"aureola de rayos de Jesús";4458;4458
"aureola de rayos de Jesús";5000;5000
"aureola de rayos de Jesús y aureola redonda de José";2704;2704
"aureola de rayos de Jesús y aureola redonda de José";2812;2812
"aureola de rayos de Jesús y aureola redonda de José";404;404
"aureola de rayos de Jesús y aureola redonda de San José";4624;4624
"aureola de rayos de Jesús y María y aureola redonda de San José";475;475
"aureola de rayos de Jesús y María y aureola redonda de San José";335;335
"aureola de rayos de la Virgen María";3031;3031
"aureola de rayos de la Virgen María";4616;4616
"aureola de rayos de la Virgen María";1496;1496
"aureola de rayos de la Virgen María";334;334
"aureola de rayos de la Virgen María";208;208
"aureola de rayos de la Virgen María";2758;2758
"aureola de rayos de la Virgen María";137;137
"aureola de rayos de la Virgen y aureola redonda de San José";329;329
"aureola de rayos de la Virgen y Jesús";3299;3299
"aureola de rayos de la Virgen y Jesús";8217;9071
"aureola de rayos de Maria";1680;1680
"aureola de rayos de Maria";1500;1500
"aureola de rayos de Maria";1502;1502
"aureola de rayos de María y aureola redonda de José";1009;1009
"aureola de rayos de María y Jesús";336;336
"aureola de rayos de María y Jesús";3154;3154
"aureola de rayos de María y Jesús";1493;1493
"aureola de rayos de María y Jesús";1497;1497
"aureola de rayos de María y Jesús";897;897
"aureola de rayos de María y Jesús";4662;4662
"aureola de rayos de María y Jesús";4666;4666
"aureola de rayos de San Joaquin";8242;9096
"aureola de rayos de San José";1393;1393
"aureola de rayos de Virgen";4962;4962
"aureola de rayos de Virgen y Jesús y aureola redonda de José";4829;4829
"aureola de rayos dorada de María y Jesús";4485;4485
"aureola de rayos y redonda de José";4972;4972
"aureola de rayps de Santa Ana";1313;1313
"aureola de San Ignacio";2903;2903
"aureola de San Ignacio";3643;3643
"aureola de San Ignacio";3019;3019
"aureola de San Jose";5135;5135
"aureola de San Jose";5134;5134
"aureola dorada de José";3154;3154
"aureola dorada redonda para San Jose y aureola de rayos iluminados para la Virgen María";4652;4652
"aureola dorada redonda para San Jose y aureola de rayos iluminados para la Virgen María";4665;4665
"aureola estrellada de María";2748;2748
"aureola estrellada de María";2812;2812
"aureola redonda de Ana y aureola de rayos de la Virgen";2795;2795
"aureola redonda de Ana y Joaquin";1760;1760
"aureola redonda de Jesús";4972;4972
"aureola redonda de Joaquin";1746;1746
"aureola redonda de José";4662;4662
"aureola redonda de José";4666;4666
"aureola redonda de José";1493;1493
"aureola redonda de José";1397;1397
"aureola redonda de José";26;26
"aureola redonda de José";2748;2748
"aureola redonda de José";3144;3144
"aureola redonda de Jose y aureola iluminada de Maria y Jesús";1399;1399
"aureola redonda de José y San Joaquín";3031;3031
"aureola redonda de la Virgen María";376;376
"aureola redonda de la Virgen y Jesús";2957;2957
"aureola redonda de la Virgen y Santa Ana";3357;3357
"aureola redonda de San Joaquín";4770;4770
"aureola redonda de San Joaquin y aureola de rayos de la Virgen";1301;1301
"aureola redonda de San José";3834;3834
"aureola redonda de San José";137;137
"aureola redonda de San José";3032;3032
"aureola redonda de San José";1496;1496
"aureola redonda de San José";4471;4471
"aureola redonda de San José";336;336
"aureola redonda de San José y aureola de rayos de Jesús";1623;1623
"aureola redonda de San José y de rayos de Jesús";2846;2846
"aureola redonda de San José y San Juan Bautista";1497;1497
"aureola redonda de San Juan";3299;3299
"aureola reodnda de José y aureola de rayos de Jesús";4964;4964
"aureola sobre la cabeza";291;291
"aureola sobre la cabeza";192;192
"Aureola y sello IHS";4340;4340
"aureolas con rayos iluminados";2564;2564
"aureolas de rayos de ambos";7125;7979
"aureolas de rayos de Dios Padre y la Virgen Maria";2543;2543
"aureolas de rayos de Maria y Jesus y redonda de Jose; lirio de Jose";5143;5143
"aureolas de San Jose y Maria";1964;1964
"aureolas de San Jose y Maria";836;836
"aureolas de San Jose y Maria";856;856
"aureolas doradas";4483;4483
"aureolas doradas";4270;4270
"aureolas doradas";4364;4364
"aureolas José y Virgen María";3339;3339
"aureolas redondas";3038;3038
"aureolas redondas";4464;4464
"aureolas redondas";3366;3366
"aureolas redondas";8226;9080
"aureolas redondas";4961;4961
"aureolas redondas";2297;2297
"aureolas redondas de Jesús y María";3163;3163
"aureolas redondas de Joaquin y Ana";1680;1680
"aureolas redondas de Joaquin y Ana";208;208
"aureolas redondas de Joaquin y Ana";1761;1761
"aureolas redondas de José";810;810
"aureolas redondas de José y la Virgen y aureola de rayos de Jesús";2250;2250
"aureolas redondas de José y María";3830;3830
"aureolas redondas de la Virgen";1393;1393
"aureolas redondas de la Virgen";2554;2554
"aureolas redondas de Maria";1337;1337
"aureolas redondas de María y Jose y aureola de rayos de Jesús";5176;5176
"aureolas redondas de San Joaquin y Santa Ana";325;325
"aureolas redondas de San Joaquin y Santa Ana";159;159
"aureolas redondas de San Joaquín y Santa Ana y aureolas de rayos de la Sagrda Familia";2201;2201
"aureolas redondas de San Jose";2395;2395
"aureolas redondas de San Jose";2749;2749
"Ave";887;887
"Ave";2200;2200
"Ave";4714;4714
"aves";4691;4691
"aves";8613;9467
"aves";4725;4725
"aves";4721;4721
"aves";4694;4694
"aves";5833;5833
"aves";2207;2207
"aves";3342;3342
"aves";5556;5556
"aves";4710;4710
"aves";4690;4690
"aves";1488;1488
"aves";4688;4688
"aves";3296;3296
"aves";2684;4059
"aves";4722;4722
"aves";4713;4713
"aves";1489;1489
"aves";3334;3334
"aves";4684;4684
"aves";4685;4685
"aves";2656;2656
"aves";4727;4727
"aves";2204;2204
"aves";5832;5832
"aves";4687;4687
"aves";4686;4686
"aves";4689;4689
"aves (palomas)";8545;9399
"aves de diferentes tipos";4692;4692
"aves rosas";4716;4716
"aves y flores (rosas)";2746;2746
"azadón y orbe";136;136
"Azucena";3923;3923
"azucenas";5300;5300
"azucenas";3602;3602
"azucenas";4299;4299
"azucenas";1454;1454
"azucenas";1137;1137
"azucenas";732;732
"azucenas";4710;4710
"azucenas";2395;2395
"azucenas";479;479
"azucenas";3193;3193
"azucenas";159;159
"azucenas";4501;4501
"azucenas";3735;3735
"azucenas";3172;3172
"azucenas";1009;1009
"azucenas";2543;2543
"azucenas";1500;1500
"azucenas";7121;7975
"azucenas";3790;3790
"azucenas";446;446
"azucenas";2812;2812
"azucenas";5531;5531
"azucenas";4973;4973
"azucenas";452;452
"azucenas";1859;1859
"azucenas";1841;1841
"azucenas";1840;1840
"azucenas";8087;8941
"azucenas";4964;4964
"azucenas";2847;2847
"azucenas";4275;4275
"azucenas";8277;9131
"azucenas";3189;3189
"azucenas";1699;1699
"azucenas";4925;4925
"azucenas";421;421
"azucenas";4616;4616
"azucenas";2250;2250
"azucenas";665;665
"azucenas";1827;1827
"azucenas";1416;1416
"azucenas";4712;4712
"azucenas";5299;5299
"azucenas";5296;5296
"azucenas";5302;5302
"azucenas";5298;5298
"azucenas";5297;5297
"azucenas";4770;4770
"azucenas";2748;2748
"azucenas";4414;4414
"azucenas";8283;9137
"azucenas";5301;5301
"azucenas";5646;5646
"azucenas";4378;4378
"azucenas";2268;2268
"azucenas";8287;9141
"azucenas";5279;5279
"azucenas";5281;5281
"azucenas";5280;5280
"azucenas";1680;1680
"azucenas";3635;3635
"azucenas";1492;1492
"azucenas";4606;4606
"azucenas";4715;4715
"azucenas";2737;2737
"azucenas";3603;3603
"azucenas";4723;4723
"azucenas";2503;2503
"azucenas";826;826
"azucenas";609;609
"azucenas";4727;4727
"azucenas";2495;2495
"azucenas";5171;5171
"azucenas";2201;2201
"azucenas";5172;5172
"azucenas";8423;9277
"azucenas";1301;1301
"azucenas";2851;2851
"azucenas";4961;4961
"azucenas";2853;2853
"azucenas";404;404
"azucenas";3800;3800
"azucenas";925;925
"azucenas";1022;1022
"azucenas de San José";936;936
"azucenas Llamas";3902;3902
"Azucenas que llevan los ángeles";3919;3919
"azucenas y aureola";2472;2472
"azucenas y frutas";1623;1623
"azucenas y triángulo";5530;5530
"baco español que representa la conquista";2502;2502
"báculo";6011;6011
"báculo";1489;1489
"báculo";2769;2769
"báculo";2651;2651
"báculo";5481;5481
"báculo";4839;4839
"báculo";2440;2440
"báculo";3898;3898
"báculo";6018;6018
"báculo";1488;1488
"báculo";1259;1259
"báculo";6012;6012
"báculo";6010;6010
"báculo";3812;3812
"Balanza";801;801
"Balanza";1576;1576
"Balanza";5931;5931
"bandeja y madeja? Del angel";4373;4373
"bandera";5410;5410
"bandera";1146;1146
"bandera";4466;4466
"bandera con cruz";221;221
"bandolina";2750;2750
"barco";5831;5831
"barco";1253;1253
"barco";2205;2205
"Barril";2909;2909
"barriles";5919;5919
"baston";217;217
"baston";3172;3172
"baston";6064;6064
"baston";4471;4471
"baston";214;214
"baston";3193;3193
"baston";1102;1102
"baston";213;213
"baston de Jesus";5143;5143
"baston de Jesus";4666;4666
"baston de Jesus";2746;2746
"baston de Jesus";3110;3110
"baston de Jesus";356;356
"baston de Jesus";5986;5986
"baston de Jesus";5135;5135
"baston de Jesus";5146;5146
"baston de Jesus";5144;5144
"baston de Jesus";355;355
"baston de Jesus";5136;5136
"baston de Jesus";336;336
"baston de Jesus";5134;5134
"baston de peregrino";4387;4387
"baston de peregrino";2917;2917
"baston de peregrino";1969;1969
"baston de peregrino";4388;4388
"baston de peregrino";4348;5494
"baston y sombrero";4420;4420
"biblia";766;766
"boca sellada con candado";1255;1255
"Bolsa de monedas";700;700
"Bolsa de monedas";2901;2901
"bolso indígena";2745;2745
"bosque";4383;4383
"botella";4765;4765
"buey";492;492
"buey";1645;1645
"buey";2198;2198
"buey alado";7191;8045
"burro";858;858
"Caballo";8611;9465
"Caballo";4350;4350
"Caballo";284;284
"Caballo";2256;2256
"Caballo de palo";5812;5812
"Cabra";4382;4382
"cabro";4256;4256
"Cadáver";1605;1605
"cadenas";1225;6482
"cadenas";5683;5683
"caimán Piña";8613;9467
"calabera";5585;5585
"calabera";1351;1351
"calavera";3849;3849
"calavera";8545;9399
"calavera";2698;2698
"calavera";3911;3911
"calavera";192;192
"calavera";6019;6019
"calavera";476;476
"calavera";1274;1274
"calavera";4687;4687
"calavera";291;291
"caldero";5169;5169
"caldero";5170;5170
"Cáliz";5705;5705
"Cáliz";1857;1857
"Cáliz";8054;8908
"Cáliz";5704;5704
"Cáliz";5703;5703
"Cáliz";1889;1889
"Cáliz";2521;2521
"Cáliz";5177;5177
"Cáliz";1150;1150
"Cáliz";3650;3650
"Cáliz";2197;2197
"Cáliz";2769;2769
"Cáliz";5702;5702
"caliz con la sangre de Cristo crucificado";3710;3710
"Caliz con serpiente";4713;4713
"Caliz con serpiente";4671;4671
"cama";1253;1253
"cama";4923;4923
"Camello";858;858
"Camello";8612;9466
"Caminador";5821;5821
"camino";4345;5490
"camino";1427;1427
"campana";5679;5679
"campana";1403;1403
"campana";1407;1407
"campana";1253;1253
"campana";5678;5678
"Canasta";5924;5924
"canasta de Jesús";3122;3122
"canasto de rosas";1569;1569
"candelabro";2718;2718
"candelabro";4723;4723
"candelabro";1213;1213
"candelabro con cirios encendidos";5291;5291
"candil";5812;5812
"cantaro";5154;5154
"cántaro y cesta tapada por una tela";2684;4059
"Cántaro/Corazón";5835;5835
"capa";3696;3696
"capa con flores dibujas";4713;4713
"carátula de reloj";5786;5786
"carcaj";1250;1250
"cárcel";4384;5496
"carro de triunfo";2509;2509
"carro de triunfo";2313;2313
"carro de triunfo";5462;5462
"carro de triunfo";5459;5459
"carro de triunfo";5461;5461
"cartas";1440;1440
"castillo";390;390
"casulla";2632;7524
"casulla";4723;4723
"casulla";4677;4677
"Caverna";2682;2682
"cayado";362;362
"cedros";3342;3342
"cedros";4715;4715
"cedros";6016;6016
"celda";4347;4347
"cepillo";3275;3275
"cerdo";858;858
"cero de caña";4844;4844
"cetro";395;395
"cetro";3664;3664
"cetro";1250;1250
"cetro";5922;5922
"cetro";2759;2759
"cetro";216;216
"cetro";8611;9465
"cetro";7195;8049
"cetro";76;76
"cetro";1237;1237
"cetro";4710;4710
"cetro";2782;2782
"Cetro de caña";3125;3125
"Cetro de caña";700;700
"Cetro y orbe; armadura";2670;2670
"cetrobáculo";2718;2718
"cetros";4715;4715
"charitas";4690;4690
"Chelo";835;835
"Chelo";5376;5376
"chelo de los ángeles";1103;1103
"chimenea";3068;3068
"chivos";858;858
"ciprés";1221;1221
"cipreses";2718;2718
"circulo con luz";2644;2644
"Cirio";4680;4680
"Cirio";1603;1603
"Cirio";1403;1403
"Cirio";1407;1407
"cirios";2;2
"cirios";3632;3632
"cirios";4517;4517
"cirios";3707;3707
"cirios";622;622
"cirios";1538;1538
"cirios";3708;3708
"cirios encedidos sobre un plato";2248;2248
"cirios encendidos";131;131
"cirios encendidos";1093;1093
"cirios encendidos";1094;1094
"cirios encendidos";4387;4387
"cirios encendidos";3103;3103
"cirios encendidos";3177;3177
"cirios encendidos";3108;3108
"cirios encendidos";2452;2452
"cirios encendidos";492;492
"cirios encendidos";1960;1960
"cirios encendidos";3064;3064
"cirios encendidos";2290;2290
"cirios encendidos";5510;5510
"cirios encendidos";4694;4694
"cirios encendidos";5305;5305
"cirios encendidos";5579;5579
"cirios encendidos";4693;4693
"cirios encendidos";2741;2741
"cirios encendidos";1213;1213
"cirios encendidos";4362;4362
"cirios encendidos";5666;5666
"cirios encendidos";5675;5675
"cirios iluminados";3851;3851
"Cirios prendidos";2306;2306
"Ciudad";1429;1429
"Ciudad";2308;2308
"ciudad en miniatura";3342;3342
"clavos";72;72
"clavos";3849;3849
"clavos";2503;2503
"clavos";2901;2901
"clavos";1860;1860
"clavos";5407;9548
"cocina";5170;5170
"cofre";5919;5919
"cofre";4710;4710
"cofre";2910;2910
"cofre con joyas";766;766
"cofre de los santos oleos y libro";4255;4255
"cojín de tejido";5556;5556
"collar";4770;4770
"columna";5217;5217
"columna";4729;4729
"columna";4721;4721
"columna";4676;4676
"columna";2262;2262
"columna";358;358
"columna";843;843
"columna";3143;3143
"columna";605;605
"columna";4525;4525
"columna";921;921
"columna";4710;4710
"columna";5216;5216
"columna";5225;5225
"columna";5226;5226
"columna";5265;5265
"columna";1282;1282
"columna";4844;4844
"columna";5177;5177
"columna";3911;3911
"columna";4715;4715
"columna";467;467
"columna";700;700
"columna";4714;4714
"columna";3125;3125
"columna";3080;3080
"columna";2646;2646
"columna";4683;4683
"columna";2781;2781
"columna";2782;2782
"columna";2785;2785
"columna";4376;4376
"columna";4727;4727
"columna";4726;4726
"columna";367;367
"columna";4684;4684
"columna";2521;2521
"columna";2649;2649
"columna";2901;2901
"columna";2641;7762
"columna";1407;1407
"columna";4687;4687
"columna";1403;1403
"columna";2503;2503
"columna";4694;4694
"columna";4718;4718
"columna";4724;4724
"columna";4719;4719
"columna";2353;2353
"columna";2299;2299
"columna";4695;4695
"columna";4690;4690
"columna";4669;4669
"columna de castigo";367;367
"columna de castigo";467;467
"Columna en ruinas";887;887
"comida";5410;5410
"con la lanza";3125;3125
"conquistadores y campesinos";3144;3144
"construccion medieval";1095;1095
"construcciones";1091;1091
"copa";622;622
"copa";1446;1446
"copa";215;215
"copa";2076;2076
"copa";224;224
"copa";2307;2307
"copa";151;151
"copa";3851;3851
"copa";3340;3340
"copa";1219;1219
"copa";3313;3313
"copa";3080;3080
"copa";2783;2783
"copa";2317;2317
"copa";3904;3904
"copas";2250;2250
"copón con ostia sostenida por un angel";1728;1728
"copón entre sus manos";3065;3065
"Copón y ostia";218;218
"Copón y ostia";1894;1894
"coral";8614;9468
"corazón";3902;3902
"corazón";4639;4639
"corazón";72;72
"corazón";4933;4933
"corazón";731;731
"corazón";5841;5841
"corazón";1997;1997
"corazón";3027;3027
"corazón";5840;5840
"corazón";3899;3899
"corazón";3904;3904
"corazón";2307;2307
"corazón";3650;3650
"corazón";8080;8934
"corazón";8270;9124
"corazón";5839;5839
"corazón";5676;5676
"corazón";2769;2769
"corazón";8295;9149
"corazón";2209;2209
"corazón";1619;1619
"corazón";2440;2440
"corazón";3860;3860
"corazón";6011;6011
"corazón";5838;5838
"corazón";4839;4839
"corazón";5481;5481
"corazón";3632;3632
"corazón";192;192
"corazón";291;291
"corazón";2100;2100
"corazón";3812;3812
"corazón";6010;6010
"corazón";4688;4688
"corazón";4673;4673
"corazón";8545;9399
"corazón";1252;1252
"corazón";2206;2206
"corazón";4811;4811
"corazón";5834;5834
"corazón";609;609
"corazón";5811;5811
"corazón";5825;5825
"corazón";5837;5837
"corazón";1537;1537
"corazón alado en llamas en la mano del arcangel";2201;2201
"Corazón atado por cuerdas";5836;5836
"Corazón atravesado por flechas";608;608
"corazón con fuego en la mano";362;362
"corazón con rana y cerdo";3895;3895
"Corazón de San Ignacio iluminado (con cruz en el centro?)";2923;2923
"corazón en la mano";1489;1489
"corazón en llamas atravesado por flechas";1255;1255
"corazón en llamas en las manos de los santos";4606;4606
"corazones";8226;9080
"corazones";8086;8940
"corazones en llamas";80;80
"cordero";1494;1494
"cordero";1497;1497
"cordero";5646;5646
"cordero";4809;4809
"cordero";8190;9044
"cordero";1241;1241
"cordero";8270;9124
"cordero";5917;5917
"cordero";5983;5983
"cordero";608;608
"cordero";703;703
"cordero";5401;5401
"cordero";2747;2747
"cordero";1804;1804
"cordero";1421;1421
"cordero";1523;1523
"cordero";1024;1024
"cordero";1889;1889
"cordero";5397;5397
"cordero";2684;4059
"cordero";897;897
"cordero";8080;8934
"corneta";1255;1255
"corneta";2521;2521
"Cornetas de cuerno de carnero";1179;1179
"Cornucopia";5916;5916
"corona";3696;3696
"corona";2851;2851
"corona";8217;9071
"corona";4701;4701
"corona";3183;3183
"corona";3603;3603
"corona";5157;5157
"corona";5147;5147
"corona";2755;2755
"corona";4;4
"corona";3635;3635
"corona";3035;3035
"corona";2191;2191
"corona";2116;2116
"corona";340;340
"corona";76;76
"corona";4899;4899
"corona";8226;9080
"corona";2201;2201
"corona";817;817
"corona";3366;3366
"corona";1301;1301
"corona";22;22
"corona";3904;3904
"corona";8349;9203
"corona";5927;5927
"corona";1799;1799
"corona";5266;5266
"corona";1250;1250
"corona";4464;4464
"corona";6012;6012
"corona";2684;4059
"corona";5922;5922
"corona";2737;2737
"corona";8086;8940
"corona";7195;8049
"corona";1427;1427
"corona";5379;5379
"corona";609;609
"corona";2640;2640
"corona";2274;2274
"corona";1255;1255
"corona";2650;2650
"corona";1492;1492
"corona";4716;4716
"corona";4721;4721
"corona";5556;5556
"corona";1152;1152
"corona";2274;2274
"corona";1022;1022
"corona de azucenas";4470;4470
"corona de azucenas y herramientas de carpintería de San José";773;773
"Corona de espinas";1990;1990
"Corona de espinas";922;922
"Corona de espinas";367;367
"Corona de espinas";3889;3889
"Corona de espinas";892;892
"Corona de espinas";4828;4828
"Corona de espinas";4757;4757
"Corona de espinas";2771;2771
"Corona de espinas";2432;2432
"Corona de espinas";3310;3310
"Corona de espinas";4843;4843
"Corona de espinas";1989;1989
"Corona de espinas";3638;3638
"Corona de espinas";1991;1991
"Corona de espinas";1267;1267
"Corona de espinas";2322;2322
"Corona de espinas";2786;2786
"Corona de espinas";3888;3888
"Corona de espinas";467;467
"Corona de espinas";3927;3927
"Corona de espinas";3817;3817
"Corona de espinas";2770;2770
"Corona de espinas";3281;3281
"Corona de espinas";5986;5986
"Corona de espinas";609;609
"Corona de espinas";32;32
"Corona de espinas";1988;1988
"Corona de espinas";3634;3634
"Corona de espinas";8270;9124
"Corona de espinas";3911;3911
"Corona de espinas";3117;3117
"Corona de espinas";3559;3559
"Corona de espinas";2307;2307
"Corona de espinas";2262;2262
"Corona de espinas";5407;9548
"Corona de espinas";1239;1239
"Corona de espinas";4721;4721
"Corona de espinas";4844;4844
"Corona de espinas";349;349
"Corona de espinas";5838;5838
"Corona de espinas";176;176
"Corona de espinas";4264;4264
"Corona de espinas";8080;8934
"Corona de espinas";2190;2190
"Corona de espinas";224;224
"Corona de espinas";2503;2503
"Corona de espinas";1935;1935
"Corona de espinas";16;16
"Corona de espinas";8295;9149
"Corona de espinas";43;43
"Corona de espinas";2656;2656
"Corona de espinas";5177;5177
"Corona de espinas";741;741
"Corona de espinas";3819;3819
"Corona de espinas";8545;9399
"Corona de espinas";2698;2698
"Corona de espinas";291;291
"Corona de espinas";192;192
"Corona de espinas";3849;3849
"Corona de espinas";2641;7762
"Corona de espinas";3125;3125
"corona de flores";4811;4811
"corona de flores";4371;4371
"corona de flores";3941;3941
"corona de flores";1150;1150
"corona de flores";7195;8049
"corona de flores";3632;3632
"corona de José";473;473
"corona de joyas de la Virgen María";8037;8891
"corona de laurel";2910;2910
"corona de laurel";2911;2911
"corona de laurel";1170;1170
"corona de laurel";7191;8045
"corona de Maria";5987;5987
"corona de Maria y aureola de José";5306;5306
"Corona de martirio";4682;4682
"corona de plumas";1429;1429
"corona de rayos de la Virgen";2956;2956
"corona de rayos iluminados";330;330
"corona de rey en el suelo";1092;1092
"Corona de rosas";6019;6019
"Corona de rosas";4690;4690
"Corona de rosas";4691;4691
"Corona de rosas";947;947
"Corona de rosas";5291;5291
"Corona de rosas";612;612
"Corona de rosas";7094;7948
"Corona de rosas";4647;4647
"Corona de rosas";3560;3560
"Corona de rosas";3237;3237
"Corona de rosas";2643;2643
"Corona de rosas";3898;3898
"Corona de rosas";6018;6018
"Corona de rosas";1351;1351
"Corona de rosas";1710;1710
"Corona de rosas";4692;4692
"Corona de rosas";5570;5570
"Corona de rosas";2850;2850
"Corona de rosas";4694;4694
"Corona de rosas";1461;1461
"Corona de rosas";4378;4378
"Corona de rosas";1546;1546
"Corona de rosas";2636;2636
"Corona de rosas";2898;2898
"Corona de rosas";3334;3334
"Corona de rosas";476;476
"Corona de rosas";394;394
"Corona de rosas";4683;4683
"Corona de rosas";4688;4688
"Corona de rosas";2635;2635
"corona de rosas de María";5305;5305
"corona de rosas de María";5579;5579
"corona de rosas en la cabeza y en la mano";4971;4971
"corona de rosas en la cabeza y en la mano";5559;5559
"corona de rosas en la cabeza y en la mano";6016;6016
"Corona de rosas en la cabeza y en la mano La corona en la mano tiene adentro un niño jesús Crucifijo";3806;3806
"corona de rosas rojas";1709;1709
"corona de rosas rojas";4616;4616
"Corona de rosas sobre la cabeza y en la mano";2632;7524
"Corona de rosas sobre la cabeza y en la mano Nimbo de luz sobre la cabeza Niño Jesús";3342;3342
"corona rosas";2651;2651
"corona una mitra ";2718;2718
"corona y cruz";374;374
"corona y mitra";2218;2218
"coronas de María y José";3849;3849
"coronas de Maria y San Jose";526;526
"coronas de Maria y San Jose";3819;3819
"coronas y cetro";1024;1024
"cortina";2650;2650
"cortina";4685;4685
"cortina";4728;4728
"cortina";6010;6010
"cortina";5557;5557
"cortina";4690;4690
"cortina";3887;3887
"cortina roja";5566;5566
"cortina roja";8545;9399
"cortina roja";4725;4725
"cortina roja";4693;4693
"cortina roja";4724;4724
"cosecha de trigo";5786;5786
"cráneo";1252;1252
"cráneo";2521;2521
"cráneo";1170;1170
"cráneo y coronas o mitas";2503;2503
"Cráneo y manojo de paja";2225;2225
"Cristo crucificado";3117;3117
"Cristo crucificado";2917;2917
"Cristo crucificado";4346;4346
"Cristo en la cruz";4680;4680
"Cristo en la cruz";476;476
"Cristo en la cruz";4722;4722
"Cristo en la cruz";6051;6051
"Cristo en la cruz";192;192
"Cristo en la cruz";4729;4729
"Cristo en la cruz";4677;4677
"Cristo en la cruz";2698;2698
"Cristo en la cruz";4675;4675
"Cristo en la cruz";291;291
"Cristo en la cruz";4669;4669
"cruces";899;899
"Cruces de cementerio";3275;3275
"crucifijo";3559;3559
"crucifijo";4686;4686
"crucifijo";2644;2644
"crucifijo";4687;4687
"crucifijo";1334;1334
"crucifijo";766;766
"crucifijo";3108;3108
"crucifijo";7202;8056
"crucifijo";1351;1351
"crucifijo";5510;5510
"crucifijo";6019;6019
"crucifijo";5531;5531
"crucifijo";2649;2649
"crucifijo";5570;5570
"crucifijo";4372;4372
"crucifijo";4517;4517
"crucifijo";1274;1274
"crucifijo";912;3244
"crucifijo";8545;9399
"crucifijo";2641;7762
"crucifijo";5585;5585
"cruz";2307;2307
"cruz";703;703
"cruz";1913;1913
"cruz";1102;1102
"cruz";1939;1939
"cruz";4899;4899
"cruz";1887;1887
"cruz";2227;2227
"cruz";1407;1407
"cruz";919;919
"cruz";1538;1538
"cruz";2512;2512
"cruz";5823;5823
"cruz";1150;1150
"cruz";1638;1638
"cruz";2282;2282
"cruz";2747;2747
"cruz";2901;2901
"cruz";5980;5980
"cruz";5676;5676
"cruz";4933;4933
"cruz";741;741
"cruz";3923;3923
"cruz";3125;3125
"cruz";3911;3911
"cruz";700;700
"cruz";5177;5177
"cruz";2472;2472
"cruz";72;72
"cruz";3560;3560
"cruz";5281;5281
"cruz";5280;5280
"cruz";325;325
"cruz";2759;2759
"cruz";8287;9141
"cruz";8556;9410
"cruz";421;421
"cruz";4726;4726
"cruz";6122;6122
"cruz";1969;1969
"cruz";622;622
"cruz";1403;1403
"cruz";3065;3065
"cruz";1451;1451
"cruz";1492;1492
"cruz";582;582
"cruz";8295;9149
"cruz";3696;3696
"cruz";3849;3849
"cruz";2786;2786
"cruz";2262;2262
"cruz";4714;4714
"cruz";5569;5569
"cruz";5279;5279
"cruz";5407;9548
"cruz";1231;1231
"cruz";1523;1523
"cruz";3650;3650
"cruz";4639;4639
"cruz";609;609
"cruz";7195;8049
"cruz con cáliz y lanzas";2224;2224
"cruz con espada y cetro";2200;2200
"cruz con serpiente";3895;3895
"cruz de caña";1421;1421
"cruz de Jesús";8170;9024
"cruz papal";2836;2836
"cruz patriarcal";2836;2836
"cruz que sistiene el angel";4256;4256
"cruz roja del cielo";5677;5677
"cruz y azucenas";2846;2846
"cruz y azucenas";3368;3368
"cruz y azucenas";2474;2474
"Cruz y azucenas a los pies de Cristo";3178;3178
"cuatro plumas ";1164;1164
"cuatro querubines en cada esquina que soplan hacia el centro rayos de luz hacia las letras VROP";5786;5786
"cuchillo";2250;2250
"cuchillo";5834;5834
"cuchillo";2206;2206
"cuenco y pan";5569;5569
"Cuerda";5820;5820
"cuerda al cuello y manos";4264;4264
"cuerno de la abundancia";2191;2191
"Cuerpo esquelético";4188;4188
"cueva";1095;1095
"cueva";3023;3023
"cueva";1101;1101
"cueva";4345;5490
"cueva";1823;6123
"cuna";4923;4923
"cuna";4470;4470
"cuna de paja";1645;1645
"custodia";2219;2219
"custodia";2218;2218
"custodia";2307;2307
"custodia";325;325
"custodia";5676;5676
"custodia";2100;2100
"custodia con la sagrada forma";2901;2901
"dados";2521;2521
"dados";3650;3650
"dados";2786;2786
"dados";1150;1150
"daga en el pecho";3931;3931
"demonios";2915;2915
"demonios";1728;1728
"demonios";8086;8940
"demonios";5658;5658
"desnudez";921;921
"desnudez";1282;1282
"desnudez";870;870
"desnudez";1562;1562
"desnudez (niño Jesús)";2353;2353
"desnudez (niño Jesús)";2443;2443
"diferentes colores de piel y vestidos";1546;1546
"Diferentes habitos de sacerdotes";4718;4718
"Diferentes tipos de nimbos";40;40
"Dios y la Virgen";1761;1761
"disciplina";185;185
"disciplina";40;40
"disciplina";192;192
"disciplina";291;291
"disciplina";8545;9399
"disciplina";2650;2650
"disciplina";4670;4670
"disciplina";1274;1274
"disciplina";6018;6018
"disciplina";4687;4687
"disciplina";2443;2443
"disciplina";3898;3898
"disciplina";1351;1351
"domo";2718;2718
"Donante (monja?)";1103;1103
"dos cabezas de toro";2718;2718
"dos rostros de perfil de un de ellos pende una bolsa";3125;3125
"dragón";4899;4899
"dragón";2509;2509
"dragón";5461;5461
"dragón";5459;5459
"dragón";2313;2313
"dragón";2227;2227
"dragón";5917;5917
"ecsaleras";2718;2718
"edificacion";4373;4373
"el aguila con el libro con 7 sellos ";3928;3928
"el esqueleto con una lanza que representa la muerte";478;478
"Elefante";2672;2672
"Elefante";8614;9468
"Elefante";858;858
"en triangulo y en aro Libro";2643;2643
"escalera";3125;3125
"escalera";2901;2901
"escalera";2503;2503
"escalera";1537;1537
"escalera";215;215
"escalera";4899;4899
"escalera";700;700
"escalera";1151;1151
"escalera al cielo";1128;1128
"Escena principal: lirios corona de rosas en la cabeza y en la mano";2644;2644
"Escena Superior: un crucifijo";2443;2443
"escoba";5169;5169
"escoba";5170;5170
"escorpión";2672;2672
"escudo";2191;2191
"escudo";2650;2650
"escudo de la orden religiosa de los mercedarios en el vestido de la Virgen";2748;2748
"Escudo orden dominica";2647;2647
"escudo que carga el ángel";5680;5680
"esfera";5826;5826
"esferas de cristal";5930;5930
"espada";214;214
"espada";5703;5703
"espada";5704;5704
"espada";7191;8045
"espada";3904;3904
"espada";4713;4713
"espada";4682;4682
"espada";284;284
"espada";2307;2307
"espada";2209;2209
"espada";1238;1238
"espada";1022;1022
"espada";5702;5702
"espada";2363;2363
"espada";5814;5814
"espada";2307;2307
"espada";4363;4363
"espada";2911;2911
"espada";1781;1781
"espada";4350;4350
"espada";1749;1749
"espada";1560;1560
"espada";4639;4639
"espada";4671;4671
"espada";5931;5931
"espada";213;213
"espada";4480;4480
"espada";1253;1253
"espada";2197;2197
"espada";2224;2224
"espada";1255;1255
"espada";2651;2651
"espada";5705;5705
"espada";4716;4716
"espada";1821;1821
"espada de fuego";5556;5556
"espada en el pecho de la Virgen";856;856
"espada flamigera";136;136
"espejo";2645;2645
"espejo";1221;1221
"espejo";5822;5822
"espejo";2198;2198
"espejo";4256;4256
"espejo";2718;2718
"espejo";1576;1576
"espejo";2307;2307
"espejo";1253;1253
"espejo";1164;1164
"espejo";1618;1618
"espejo";3904;3904
"espigas";1894;1894
"espigas";1252;1252
"espigas de trigo";2309;2309
"espigas de trigo";940;940
"espinas";40;40
"espinas";1274;1274
"espíritu";4693;4693
"Espíritu santo";5702;5702
"Espíritu santo";5705;5705
"Espíritu santo";5703;5703
"Espíritu santo";3931;3931
"Espíritu santo";5704;5704
"Esponja";700;700
"esqueleto";4500;4500
"esqueleto";766;766
"esqueleto";5816;5816
"esqueleto";5687;5687
"esqueleto de la muerte con la hoz";1501;1501
"esqueleto de la muerte; crucifijo";5677;5677
"esqueletos que se levantan de sus tumbas";5691;5691
"esqueletos que se levantan de sus tumbas";2185;2185
"esqueletos que se levantan de sus tumbas";1570;1570
"estandarte";5378;5378
"estandarte";2444;2444
"estandarte";6122;6122
"estandarte";4378;4378
"estandarte";1858;1858
"estandarte";4531;4531
"estandarte";5979;5979
"estandarte";829;829
"estandarte";665;665
"estandarte";5401;5401
"estandarte";3035;3035
"estandarte";1234;1234
"estandarte";3635;3635
"estandarte";221;221
"estandarte";622;622
"estandarte con cruz";5157;5157
"estandarte de cruz";3707;3707
"estandarte de cruz";356;356
"estatua en ruinas";4254;4254
"estatua rota";441;441
"estatua rota";3847;3847
"estatua rota";4454;4454
"estatua rota";3144;3144
"estigmas";3559;3559
"estigmas";8545;9399
"estigmas";4713;4713
"estigmas";4710;4710
"estigmas";4726;4726
"estigmas";2698;2698
"estigmas";4719;4719
"estigmas";4517;4517
"estigmas";3117;3117
"Estimas";4682;4682
"estrella";1680;1680
"estrella";1746;1746
"estrella";395;395
"estrella";2718;2718
"estrella";1997;1997
"estrella";3899;3899
"estrella";2198;2198
"estrella";1761;1761
"estrella";2718;2718
"Estrellas en el vestido la Virgen y ";1502;1502
"estrellas y flores en los vestidos";5139;5139
"eucaristía";1179;1179
"familia";1271;1271
"farol";5820;5820
"Fauces abiertas del demonio representando la entrada al infierno";5691;5691
"Fauces abiertas del demonio representando la entrada al infierno";1570;1570
"Fauces abiertas del demonio representando la entrada al infierno";5692;5692
"Fauces abiertas del demonio representando la entrada al infierno";2185;2185
"Fauces abiertas del demonio representando la entrada al infierno";437;437
"Fauces abiertas del demonio representando la entrada al infierno";5693;5693
"fauces de la bestia";1501;1501
"figura desnuda";7191;8045
"figura que sale de la caverna";4255;4255
"figuras diminutas (esquina inferior derecha del espectador)";5163;5163
"flauta y libro de los angeles";1761;1761
"flautas";835;835
"flautas";5376;5376
"flautas y libros";1425;1425
"Flechas";2669;2669
"Flechas";5811;5811
"Flechas";284;284
"Flechas";1170;1170
"flolres";1863;1863
"Flor";1537;1537
"Flor";608;608
"Flor (posiblemente lirios o azucenas)";2698;2698
"flor de Jesús";936;936
"flor? sobre la mesa";4606;4606
"florero";329;329
"florero";4722;4722
"florero";8143;8997
"florero";4469;4469
"florero";4923;4923
"flores";1804;1804
"flores";5397;5397
"flores";1493;1493
"flores";5401;5401
"flores";5403;5403
"flores";5404;5404
"flores";897;897
"flores";5377;5698
"flores";1397;1397
"flores";2749;2749
"flores";2758;2758
"flores";3031;3031
"flores";3297;3297
"flores";5407;9548
"flores";5389;9544
"flores";3852;3852
"flores";5172;5172
"flores";1523;1523
"flores";954;954
"flores";4432;4432
"flores";1917;1917
"flores";1024;1024
"flores";1252;1252
"flores";2750;2750
"flores";1274;1274
"flores";1340;1340
"flores";4687;4687
"flores";1488;1488
"flores";5391;5391
"flores";5446;5446
"flores";8035;8889
"flores";5666;5666
"flores";8562;9416
"flores";8105;8959
"flores";4972;4972
"flores";4457;4457
"flores";8281;9135
"flores";3288;3288
"flores";2476;2476
"flores";5648;5648
"flores";2079;4918
"flores";4825;4825
"flores";1496;1496
"flores";8203;9057
"flores";8285;9139
"flores";1399;1399
"flores";5000;5000
"flores";5168;5168
"flores";5171;5171
"flores";5176;5176
"flores";4464;4464
"flores";8282;9136
"flores";2190;2190
"flores";1680;1680
"flores";2743;2743
"flores";1760;1760
"flores";1867;1867
"flores";4469;4469
"flores";3713;3713
"flores";8255;9109
"flores";5388;5388
"flores";8086;8940
"flores";3366;3366
"flores";4701;4701
"flores";2852;2852
"flores";1761;1761
"flores";3193;3193
"flores";2737;2737
"flores";5141;5141
"flores";3849;3849
"flores";3791;3791
"flores";4686;4686
"flores";3172;3172
"flores";8226;9080
"flores";1498;1498
"flores";3298;3298
"flores";5173;5173
"flores";2750;2750
"flores";1151;1151
"flores";820;820
"flores";335;335
"flores";4725;4725
"flores";4721;4721
"flores";4670;4670
"flores";1913;1913
"flores";5833;5833
"flores";2207;2207
"flores";8359;9213
"flores";3;3
"flores";3635;3635
"flores";4765;4765
"flores";4606;4606
"flores";3121;3121
"flores";8217;9071
"flores";4647;4647
"flores";1265;1265
"flores";291;291
"flores";192;192
"flores";4692;4692
"flores";1470;1470
"flores";4652;4652
"flores";2191;2191
"flores";3696;3696
"flores";826;826
"flores";4299;4299
"flores";2204;2204
"flores";325;325
"flores";5378;5378
"flores";5379;5379
"flores";4531;4531
"flores";940;940
"flores";5832;5832
"flores";2211;2211
"flores";5930;5930
"flores";2198;2198
"flores";1221;1221
"flores";5157;5157
"flores";7089;7943
"flores";8556;9410
"flores";4665;4665
"flores (rosas rojas y blancas";1407;1407
"flores (rosas y rilio o Azucena)";4679;4679
"flores (rosas)";806;806
"flores (rosas) a los pies de Santo Thomas";2682;2682
"Flores a la diestra de Crito (castidad?)";2243;2243
"flores en el piso";3144;3144
"flores en el piso";4485;4485
"flores en el suelo";4677;4677
"Flores en el vestido de San José";1502;1502
"flores y aureolas de rayos iluminados";2295;2295
"flores y aureolas de rayos iluminados";4475;4475
"flores y azucenas";4785;4785
"flores y azucenas";148;148
"flores y azucenas";7125;7979
"flores y concha?";4458;4458
"flores y corona";4461;4461
"Flores y espinas";5680;5680
"flores y estrellas en el vestido de Jesús y Dios Padre";1502;1502
"flores y frutas";8090;8944
"flores y mantas";810;810
"Flores: Rosas blancas";3806;3806
"fresas)";1265;1265
"fruta";3031;3031
"frutas";897;897
"frutas";5403;5403
"frutas";548;548
"frutas";3297;3297
"frutas";3288;3288
"frutas";8285;9139
"frutas";2191;2191
"frutas";1498;1498
"frutas";3849;3849
"frutas";5158;5158
"frutas";4695;4695
"frutas";1523;1523
"frutas y comida";5680;5680
"frutas y pan";954;954
"frutos en árbol";2684;4059
"fuego";437;437
"fuego";1501;1501
"fuego";2669;2669
"fuego";478;478
"fuego";1570;1570
"fuego";5692;5692
"fuego";5693;5693
"fuego";5691;5691
"fuego";2185;2185
"fuego";5695;5695
"fuego";5677;5677
"fuego";4402;9519
"fuego";4386;4386
"fuego";2118;2118
"fuego";1225;6482
"fuego";664;664
"fuego";5680;5680
"fuego";4729;4729
"fuego";5683;5683
"fuego";1440;1440
"Fuego purgador";3707;3707
"Fuego purgador";2714;2714
"Fuego purgador";3749;3749
"Fuego purgador";3768;3768
"Fuego purgador";1128;1128
"Fuego purgador";5675;5675
"Fuego purgador";5688;5688
"Fuego purgador";3695;3695
"Fuego purgador";3711;3711
"Fuego purgador";2569;2569
"Fuego purgador";3708;3708
"Fuego purgador";3710;3710
"Fuego purgador";3771;3771
"Fuego purgador";5684;5684
"Fuego purgador";5686;5686
"Fuego purgador";5685;5685
"Fuego purgador";3706;3706
"fuello";1252;1252
"fuente";2308;2308
"fuente";2913;2913
"fuente";4726;4726
"fuente";2224;2224
"fuente";2718;2718
"fuente";2656;2656
"fuente";5918;5918
"fuente";1164;1164
"fuente";1427;1427
"fuente";5556;5556
"fuente";8545;9399
"fuente";5926;5926
"fuente";1163;1163
"fuente";5828;5828
"fuente de agua";4692;4692
"Fuente y rosas";2756;2756
"gallinas";754;754
"gallo";2782;2782
"gallo";2521;2521
"gallo";858;858
"gallo";1253;1253
"gallo";700;700
"gallo";3125;3125
"gallo";2901;2901
"ganzúa";5924;5924
"garzas?";962;962
"gato";4923;4923
"gato";3851;3851
"gato";4809;4809
"gato";858;858
"gemas";1255;1255
"girasol";5825;5825
"golondrinas?";858;858
"Gran libro cerrado";1233;1233
"granada";3275;3275
"granada";2282;2282
"Granadillos";1153;1153
"granos";5919;5919
"grilletes";7191;8045
"gruta";5819;5819
"guante";1903;1903
"guante";1904;1904
"guitarra";665;665
"guitarra";213;213
"guitarra";5158;5158
"guitarra";1103;1103
"guitarra y flautas)";1501;1501
"guitarra y libro que llevan los ángeles";3919;3919
"guitarra y violin";2793;2793
"Hábito";4839;4839
"Hábito";5481;5481
"Hábito";3632;3632
"Hábito";5557;5557
"Hábito";3812;3812
"Hábito";4971;4971
"Hábito";2;2
"Hábito";4690;4690
"Hábito";2440;2440
"Hábito";582;582
"Hábito";1619;1619
"Hábito";4517;4517
"Hábito";1461;1461
"Hábito";3560;3560
"Hábito";4691;4691
"Hábito";362;362
"Hábito";3559;3559
"Hábito";2274;2274
"Hábito";2640;2640
"Hábito";6010;6010
"Hábito";6012;6012
"Hábito";5556;5556
"Hábito";1259;1259
"Hábito";6011;6011
"habito benedictino";4669;4669
"Habito blanco";2641;7762
"Habito blanco";2656;2656
"habito bordado con rosas";390;390
"Hábito cubierto de estrellas";1488;1488
"hábito de tercera orden santo domingo";2633;2633
"habito dominica de la santa";1622;1622
"habito dominica de la santa";1514;1514
"habito dominico";4672;4672
"habito dominico";5559;5559
"habito dominico";393;393
"habito dominico";5588;5588
"habito dominico";5587;5587
"habito dominico";395;395
"habito dominico";2649;2649
"habito dominico";4694;4694
"habito dominico";4679;4679
"habito dominico";6016;6016
"habito dominico";2353;2353
"habito dominico";2650;2650
"habito dominico";5568;5568
"habito dominico";5569;5569
"habito dominico";6051;6051
"habito dominico";1274;1274
"habito dominico";4675;4675
"habito dominico";4678;4678
"habito dominico";4681;4681
"habito dominico";4671;4671
"habito dominico";4724;4724
"habito dominico";2636;2636
"habito dominico";4723;4723
"habito dominico";2698;2698
"habito dominico";4689;4689
"habito dominico";2632;7524
"habito dominico";1546;1546
"habito dominico";2067;2067
"habito dominico";391;391
"habito dominico";2443;2443
"habito dominico";4693;4693
"habito dominico";1407;1407
"habito dominico";4673;4673
"habito dominico";4722;4722
"habito dominico";1429;1429
"habito dominico";4680;4680
"habito dominico";2898;2898
"habito dominico";3117;3117
"habito dominico";2644;2644
"habito dominico";2652;2652
"habito dominico";4715;4715
"habito dominico";4676;4676
"habito dominico";394;394
"habito dominico";4677;4677
"habito dominico";5586;5586
"habito dominico";2635;2635
"habito dominico";3806;3806
"habito dominico";392;392
"habito dominico";4688;4688
"habito dominico";4674;4674
"habito dominico";4716;4716
"habito dominico";5570;5570
"habito dominico";389;389
"habito dominico";3342;3342
"habito dominico";5571;5571
"habito dominico";1427;1427
"habito dominico";4725;4725
"Hábito dominicos";2630;2630
"habito franciscano";4715;4715
"Hábito negro con bordados dorados";1489;1489
"habitos";1152;1152
"habitos";4686;4686
"habitos de monjas";4608;4608
"hacha";5924;5924
"hacha";5679;5679
"hacha";3018;3018
"hacha";5678;5678
"hacienda/casa?";4372;4372
"heramientas de metal";4616;4616
"herida";2307;2307
"herramientas";5391;5391
"herramientas";5397;5397
"herramientas";754;754
"herramientas";5413;5413
"herramientas";5167;5167
"herramientas";3850;3850
"herramientas";3298;3298
"herramientas";3121;3121
"herramientas";947;947
"herramientas";2750;2750
"herramientas";5401;5401
"herramientas";4809;4809
"herramientas";5173;5173
"herramientas";329;329
"herramientas";5168;5168
"herramientas";8556;9410
"herramientas de carpintería";2852;2852
"herramientas de carpintería";2848;2848
"herramientas de carpintería";4924;4924
"herramientas de carpintería";2704;2704
"hidra";1253;1253
"hilo";3301;3301
"hilo y tijeras";3275;3275
"hilos de sangre";4722;4722
"hisopo";2901;2901
"hisopo";3125;3125
"hisopo para el agua bendita";3707;3707
"hoguera";214;214
"hoguera";213;213
"hoja de papel y plumas";3643;3643
"hojas de palma";1550;1550
"hojas de palma";1429;1429
"hojas de palma";999;999
"hojas de palma";3874;3874
"hojas de palma";4682;4682
"hombre dormido";2915;2915
"hombres recostados";858;858
"hombres y mujeres dormidos";1728;1728
"hostia";3860;3860
"hoz";1255;1255
"hoz";1250;1250
"hoz";4254;4254
"hoz";5923;5923
"hoz";1170;1170
"Hoz/estandarte?";4376;4376
"huerto";2718;2718
"huerto";2308;2308
"huerto";2643;2643
"Huerto con flores";2684;4059
"Iglesia";4581;4581
"Iglesia";2503;2503
"iglesia en miniatura Nimbo de Luz";3806;3806
"imagen de la virgen";4345;5490
"Imagen en la capa de Dios Padre Revisar";3922;3922
"incensario";1129;1129
"incensario";8612;9466
"incensario";2521;2521
"incensario";2793;2793
"incensario";5669;5669
"incensario";3707;3707
"incensario";216;216
"Incensario y brasero pequeño; camellos";2671;2671
"indumentaria de obispo y otras eclesiásticas Rosas";4694;4694
"insectos";5786;5786
"instrumento";4254;4254
"Instrumentos de castigo";2634;2634
"Instrumentos de castigo";4729;4729
"Instrumentos de castigo";4525;4525
"instrumentos de disciplina";224;224
"Instrumentos de tortura";2785;2785
"Instrumentos de tortura";2782;2782
"Instrumentos de tortura";2781;2781
"Instrumentos de tortura";2118;2118
"instrumentos musicales";1403;1403
"instrumentos musicales";215;215
"instrumentos musicales";214;214
"instrumentos musicales";2208;2208
"instrumentos musicales";1170;1170
"instrumentos musicales";1152;1152
"instrumentos musicales";218;218
"instrumentos musicales";216;216
"instrumentos musicales";217;217
"instrumentos musicales (guitarra y flauta)";2118;2118
"instrumentos musicales (tambores";1501;1501
"jaguar";8613;9467
"Jardín";1164;1164
"Jardín";1163;1163
"Jardín";392;392
"Jardín";1152;1152
"Jardín de flores";389;389
"jardín del paraíso";2282;2282
"jardín místico";2100;2100
"jardines de rosas";3560;3560
"jarra";1902;1902
"Jarra de agua";5921;5921
"jarra? Y argolla? En las manos de los angeles";3849;3849
"jarras";2208;2208
"jarrones caídos";7191;8045
"Jaula";5816;5816
"Jaula";5828;5828
"jesús (globo)";4668;4668
"Jesús y Dios Padre";1502;1502
"Jesús y Dios Padre; aureola redonda de Santa Isabel";2758;2758
"Jesús y José; coronas de María y José que cargan los ángeles";1230;1230
"José";2758;2758
"José";1502;1502
"José y Jesús";1500;1500
"José y Jesús";1337;1337
"José y Jesús";4962;4962
"José y Maria";3851;3851
"José y Maria";5000;5000
"joyas";2116;2116
"joyas";3275;3275
"joyas";2559;2559
"joyas";1904;1904
"joyas";1903;1903
"joyas y metales preciosos";4608;4608
"la barca en la que se dirigen al inframundo/infierno";2243;2243
"la ciudad de Dios";2718;2718
"La lanza y corona de espinas";5370;5370
"lagar";5702;5702
"lagar";5704;5704
"lagar";5705;5705
"lagar";5703;5703
"lagar";3931;3931
"laguna";962;962
"lampara";1603;1603
"lampara";1902;1902
"Lanza";85;85
"Lanza";2521;2521
"Lanza";215;215
"Lanza";2503;2503
"Lanza";2911;2911
"Lanza";2901;2901
"Lanza";5841;5841
"Lanza";741;741
"Lanza";3923;3923
"Lanza";5266;5266
"lanza Hisopo";5177;5177
"lanza Hisopo";3911;3911
"lanzas";1102;1102
"lanzas y banderas; mitra y corona; caballos; laurel";2670;2670
"Las imágenes están descritas en los numerales 1252";3098;3098
"las torturas";478;478
"Látigo";3125;3125
"Látigo";700;700
"látigo y otro objeto";2503;2503
"látigos";5837;5837
"látigos";2901;2901
"látigos";5924;5924
"látigos";5814;5814
"laúd";5824;5824
"laurel";1238;1238
"lazo blanco";1560;1560
"lazo blanco";1821;1821
"Lazo rojo de la unión";4500;4500
"leche";2205;2205
"leche";5831;5831
"lengua en llamas";1255;1255
"león";2201;2201
"león";2669;2669
"león";2198;2198
"león alado y ancla";7191;8045
"leones";2313;2313
"leones";5459;5459
"leones";5461;5461
"leones";5462;5462
"leones";2509;2509
"leopardo";5917;5917
"libro";3851;3851
"libro";4728;4728
"libro";2445;2445
"libro";1914;1914
"libro";1709;1709
"libro";5925;5925
"libro";2782;2782
"libro";291;291
"libro";192;192
"libro";5824;5824
"libro";4723;4723
"libro";213;213
"libro";4727;4727
"libro";2208;2208
"libro";545;545
"libro";423;423
"libro";4687;4687
"libro";826;826
"libro";4690;4690
"libro";8241;9095
"libro";1237;1237
"libro";1234;1234
"libro";1242;1242
"libro";1231;1231
"libro";1239;1239
"libro";4440;4440
"libro";1414;1414
"libro";1497;1497
"libro";1710;1710
"libro";5586;5586
"libro";5569;5569
"libro";8545;9399
"libro";1334;1334
"libro";2353;2353
"libro";5979;5979
"libro";5980;5980
"libro";4652;4652
"libro";5531;5531
"libro";2521;2521
"libro";5587;5587
"libro";890;5508
"libro";4670;4670
"libro";4726;4726
"libro";5821;5821
"libro";4480;4480
"libro";5157;5157
"libro";5817;5817
"libro";2741;2741
"libro";1488;1488
"libro";4725;4725
"libro";4693;4693
"libro";2641;7762
"libro";5585;5585
"libro";1804;1804
"libro";5225;5225
"libro";1252;1252
"libro a los pies de Cristo";995;995
"libro abierto";4729;4729
"libro abierto";1351;1351
"libro columnas";4716;4716
"libro de los siete sellos";2307;2307
"libro de María; aureolas de rayos de Maria";1230;1230
"libro Escena inferior: orbe";2443;2443
"Libro o botellas de algunos de los ocndenados";5683;5683
"libro y sello IHS";3103;3103
"libro y tintero";2893;2893
"libro y tintero";3023;3023
"libros";223;223
"libros";4682;4682
"libros";216;216
"libros";7089;7943
"libros";1152;1152
"libros";5280;5280
"libros";5281;5281
"libros";8287;9141
"libros";216;216
"libros";819;819
"libros";5279;5279
"libros";3064;3064
"libros";3038;3038
"libros";215;215
"libros";829;829
"libros";4188;4188
"libros";214;214
"libros";222;222
"libros";221;221
"libros";2917;2917
"libros";5921;5921
"libros";217;217
"libros";218;218
"libros";4839;4839
"libros";899;899
"libros y plumas";220;220
"libros y plumas";219;219
"Lienzo de la Verónica con el Sagrado Rostro";1465;1465
"Lira";5929;5929
"lirio";1618;1618
"lirio";3632;3632
"lirio de San José";5144;5144
"lirio de San José";5146;5146
"lirio de San José";526;526
"lirio de San José";3791;3791
"lirio de San José";2762;2762
"lirio de San José";806;806
"lirio de San José";356;356
"lirio del martir de José";3122;3122
"lirios";3898;3898
"lirios";3117;3117
"lirios";582;582
"lirios";8545;9399
"lirios";4716;4716
"lirios";4671;4671
"lirios";291;291
"lirios";192;192
"lirios";4682;4682
"lirios";6018;6018
"lirios";2274;2274
"lirios";1351;1351
"lirios";3342;3342
"lirios";2650;2650
"lirios";1619;1619
"lirios";1152;1152
"lirios";2898;2898
"lirios (a los pies de la santa sin identificar) Ancla";3806;3806
"lirios o azucenas)";1407;1407
"lirios orbe";2067;2067
"lirios y otras flores";3334;3334
"llaga";1997;1997
"llaga";3899;3899
"llama sobre la zabeza de San Ignacio";1108;1108
"llamas";4933;4933
"llamas";4639;4639
"llamas";8295;9149
"llamas";8080;8934
"llamas";8359;9213
"llamas";3860;3860
"llave";4713;4713
"llave";4682;4682
"llaves";2782;2782
"llaves";2748;2748
"llaves (san pedro)";4668;4668
"los clavos";3125;3125
"los cuatro ríos del paraíso";1163;1163
"los dados";700;700
"Los tres clavos";3934;3934
"Lumbre";4376;4376
"Lumbre";4255;4255
"luna";2718;2718
"luna";665;665
"luna";1022;1022
"luna";5588;5588
"luna";2198;2198
"luz";5570;5570
"luz";732;732
"luz";4729;4729
"luz irradiada del cielo";8545;9399
"madejas";5158;5158
"madera";5388;5388
"madera";3301;3301
"maderos";5404;5404
"mandamientos";5666;5666
"mandolina";835;835
"Mano arrancádose el corazón";664;664
"Manojo de espigas";1855;1855
"mantas blancas";621;621
"mantas en el cabello de las mujeres";2243;2243
"manto bordado con flores";3342;3342
"manto de cilicio";3237;3237
"Manto de la verónica";2503;2503
"Manto de la verónica";3125;3125
"Manto de la verónica";2901;2901
"Manto de la verónica";5177;5177
"Manto de la verónica";700;700
"manto elevado por el viento";5922;5922
"manzanas";6074;6074
"manzanas";1265;1265
"manzanas";2795;2795
"mar";5818;5818
"mar";2913;2913
"mar";5918;5918
"mar";5926;5926
"margaritas";3806;3806
"María y Jesús";810;810
"martillo";1904;1904
"martillo";2901;2901
"martillo";1252;1252
"martillo";2503;2503
"martillo";2521;2521
"martillo";5170;5170
"martillo";1903;1903
"martillo";5169;5169
"martillo";5679;5679
"martillo";5678;5678
"martillo";3125;3125
"martillo";1253;1253
"máscaras de diferentes edades sin ojos";5786;5786
"media luna";5302;5302
"media luna";1461;1461
"media luna";8283;9137
"media luna";5299;5299
"media luna";5296;5296
"media luna";5301;5301
"media luna";8612;9466
"media luna";395;395
"media luna";5297;5297
"media luna";5298;5298
"Mendigo";376;376
"mesa";890;5508
"mitra";7195;8049
"mitra";1255;1255
"mitra";4715;4715
"mitra";2208;2208
"mitra";8611;9465
"mitra y un báculo";2718;2718
"Monasterio";4256;4256
"monedas";1440;1440
"monedas";5916;5916
"monedas";224;224
"monedas";5927;5927
"Monedas de plata";2515;2515
"Monedas de plata";2501;2501
"montaña";4480;4480
"moros";1962;1962
"mundo";3664;3664
"nibos";4525;4525
"Nimbo";2783;2783
"Nimbo";8545;9399
"Nimbo";350;350
"Nimbo";1451;1451
"Nimbo";999;999
"Nimbo";1219;1219
"Nimbo";2299;2299
"Nimbo";4712;4712
"Nimbo";3340;3340
"Nimbo";151;151
"Nimbo";3080;3080
"Nimbo";3874;3874
"Nimbo";3161;3161
"Nimbo";3313;3313
"Nimbo";3651;3651
"Nimbo";1550;1550
"Nimbo";2317;2317
"Nimbo";3237;3237
"Nimbo";5217;5217
"Nimbo";2512;2512
"Nimbo";5216;5216
"Nimbo";5225;5225
"Nimbo";1446;1446
"Nimbo";5265;5265
"Nimbo";2640;2640
"Nimbo";1603;1603
"Nimbo";1489;1489
"Nimbo";6019;6019
"Nimbo";921;921
"Nimbo";5586;5586
"Nimbo";4719;4719
"Nimbo";582;582
"Nimbo";2651;2651
"Nimbo";395;395
"Nimbo";5226;5226
"Nimbo";4722;4722
"nimbo de luz";6011;6011
"nimbo de luz";1546;1546
"nimbo de luz";5481;5481
"nimbo de luz";4839;4839
"nimbo de luz";389;389
"nimbo de luz";4718;4718
"nimbo de luz";2643;2643
"nimbo de luz";4679;4679
"nimbo de luz";1710;1710
"nimbo de luz";4678;4678
"nimbo de luz";4675;4675
"nimbo de luz";2654;2654
"nimbo de luz";2637;7750
"nimbo de luz";4674;4674
"nimbo de luz";4681;4681
"nimbo de luz con perlas y aureola";4724;4724
"Nimbo de luz y aros";4713;4713
"Nimbo de luz y aureola";4725;4725
"Nimbo de luz y aureola";4721;4721
"Nimbo de luz y aureola";4727;4727
"Nimbo de luz y en triángulo Rosario";1429;1429
"nimbo de luz y perlado";4728;4728
"Nimbo de rayos de luz";22;22
"Nimbo de rayos de luz";3887;3887
"Nimbo de rayos de luz";5210;5210
"nimbo en aro";4691;4691
"nimbo en aro";4710;4710
"nimbo en aro";1461;1461
"nimbo en aro";4729;4729
"nimbo en aro y de luz";2898;2898
"nimbo en aro y de luz";2353;2353
"nimbo en aro y de luz";2274;2274
"Nimbo en aro y de luz Rosas";1427;1427
"Nimbo en aureola";2633;2633
"nimbo en triángulo";2067;2067
"nimbo estrellado y en aro";4690;4690
"nimbo perlado y en forma de aro";4688;4688
"nimbos";2651;2651
"nimbos";4716;4716
"nimbos";5556;5556
"nimbos";3560;3560
"nimbos";1152;1152
"nimbos";2650;2650
"nimbos";1488;1488
"nimbos";3334;3334
"nimbos";2782;2782
"nimbos";4676;4676
"nimbos";2652;2652
"nimbos";5557;5557
"nimbos";2649;2649
"nimbos";4723;4723
"nimbos";4671;4671
"nimbos";870;870
"nimbos estrellados y en aro";2684;4059
"niño";3185;3185
"niño";5571;5571
"niño en brazos";1259;1259
"niño en brazos";1488;1488
"niño Jesús";5481;5481
"niño Jesús";6016;6016
"niño Jesús";5559;5559
"niño Jesús";6011;6011
"niño Jesús";2898;2898
"niño Jesús";4971;4971
"niño Jesús";4839;4839
"niño jesús (duplicado) baculo";1152;1152
"Niños";5928;5928
"nube";2643;2643
"nube";2646;2646
"nube";391;391
"nube";5567;5567
"nube";4693;4693
"nube";4684;4684
"nube";390;390
"nube";4688;4688
"nube";1152;1152
"nube";4727;4727
"nube";3632;3632
"nube";1488;1488
"nube";4725;4725
"nube";2353;2353
"nube";4525;4525
"nube";2634;2634
"nube";4728;4728
"nube";2640;2640
"nubes";2649;2649
"nubes";467;467
"nubes";1;1889
"nubes";5557;5557
"nubes";367;367
"nubes";5556;5556
"nubes";1619;1619
"nubes";1603;1603
"nubes";4264;4264
"nubes";2782;2782
"nubes";1274;1274
"nubes";2652;2652
"nubes";605;605
"nubes";40;40
"nubes";5829;5829
"nubes";4719;4719
"nubes";4723;4723
"nubes";2647;2647
"nubes que ascienden al cielo";2502;2502
"nubes que ascienden al cielo";2185;2185
"nubes que ascienden al cielo";5691;5691
"nubes que ascienden al cielo";1570;1570
"nubes que ascienden al cielo";5692;5692
"nubes que ascienden al cielo";5693;5693
"obelisco";1268;1268
"objeto (Escudo?)";1823;6123
"objeto irreconocible";7191;8045
"objetos de metal";3800;3800
"ofrendas de panes";3707;3707
"ojos";1255;1255
"olivo Estrella";1164;1164
"olla junta a las nodrizas?";621;621
"orantes denudos representando a las animas";3695;3695
"orantes denudos representando a las animas";2569;2569
"orantes denudos representando a las animas";995;995
"orantes denudos representando a las animas";2502;2502
"orantes denudos representando a las animas";3706;3706
"orantes denudos representando a las animas";2714;2714
"orantes denudos representando a las animas";437;437
"orantes denudos representando a las animas";5695;5695
"orantes denudos representando a las animas";2185;2185
"orantes denudos representando a las animas";5691;5691
"orantes denudos representando a las animas";5693;5693
"orantes denudos representando a las animas";1570;1570
"orantes denudos representando a las animas";5692;5692
"orbe";1;1889
"orbe";2650;2650
"orbe";4684;4684
"orbe";2503;2503
"orbe";3895;3895
"orbe";5827;5827
"orbe";7195;8049
"orbe";5929;5929
"orbe";2208;2208
"orbe";5567;5567
"orbe";8611;9465
"orbe";4710;4710
"orbe";2644;2644
"orbe";4372;4372
"orbe";2632;7524
"orbe";1429;1429
"Orbe Monograma JHS";1893;1893
"orbes";82;82
"oreja";1255;1255
"órganos expuestos";1605;1605
"ostia";4677;4677
"ostia y cirio prendido de la ecuaristía";5677;5677
"otras dos figuras sin definir en la parte superior";5374;5374
"otro objeto a la izquierda de la Virgen";325;325
"ouroboros";4254;4254
"oveja";221;221
"ovejas";3634;3634
"ovejas";2769;2769
"ovejas";2268;2268
"ovejas";4920;4920
"pablo (objeto sin identificar - posiblemente un báculo con forma de Zorro o Gato)";4668;4668
"paisaje";1092;1092
"paisaje";1091;1091
"paisaje con muralla al fondo y laguna o mar";2682;2682
"paja";2812;2812
"paja";5173;5173
"paja";5919;5919
"pájaro en la mano de María";4501;4501
"pajaro rojo";2737;2737
"pajaro rojo";8285;9139
"pajaro rojo";925;925
"pajaros";4485;4485
"pajaros";1398;1398
"pajaros";3791;3791
"pajaros";3366;3366
"pajaros";4765;4765
"pajaros";4961;4961
"pajaros";5171;5171
"pajaros";5306;5306
"pajaros";5176;5176
"pajaros";5172;5172
"pajaros";1494;1494
"pajaros";5158;5158
"pajaros";4483;4483
"pajaros";754;754
"pajaros";4678;4678
"pajaros";1095;1095
"pajaros";5143;5143
"pajaros rojos";5307;5307
"pajaros rojos";3144;3144
"pajaros rojos";954;954
"pajaros rojos";26;26
"pajaros volando";2741;2741
"pala";5813;5813
"palacio celestial?";1603;1603
"palma";820;820
"palma";4728;4728
"palma";2067;2067
"palma";1164;1164
"palma";2718;2718
"palma";1221;1221
"palma";4668;4668
"palma";582;582
"palma";4667;4667
"palma";7202;8056
"palma del martirio";2262;2262
"palma del martirio";5379;5379
"palma del martirio";355;355
"palma del martirio";3941;3941
"Palma martirio";1387;1387
"palma y árbol";2224;2224
"palmas";2512;2512
"palmera";1550;1550
"palmera";2669;2669
"palmera";3874;3874
"palmera";999;999
"palmera y frutos";3834;3834
"paloma";3154;3154
"paloma";2559;2559
"paloma";4922;4922
"paloma";1488;1488
"paloma";2248;2248
"paloma";3899;3899
"paloma";2759;2759
"paloma";3904;3904
"paloma";548;548
"paloma";2497;2497
"paloma";2307;2307
"paloma";3664;3664
"paloma";1429;1429
"paloma";3121;3121
"paloma";2067;2067
"paloma";1997;1997
"paloma";2645;2645
"paloma";4710;4710
"paloma";2516;2516
"paloma";5676;5676
"paloma";2650;2650
"paloma";3850;3850
"paloma";5168;5168
"paloma";4469;4469
"paloma";4669;4669
"paloma";2100;2100
"paloma";4714;4714
"paloma del espiritu santo";437;437
"paloma del espiritu santo";2718;2718
"paloma del espiritu santo";936;936
"paloma del espiritu santo";2307;2307
"paloma del espiritu santo";8078;8932
"Palos";1962;1962
"pan?";376;376
"pandereta";2750;2750
"panes";5404;5404
"panes";5668;5668
"panes";897;897
"panes";1399;1399
"pañuelo blanco";622;622
"papeletas";1268;1268
"pastor";2268;2268
"Patena";1403;1403
"Patena";1407;1407
"patos";1494;1494
"pavo";858;858
"pavo real";2190;2190
"pavo real";2190;2190
"pavo real";4372;4372
"peinado";2067;2067
"peine";3275;3275
"pelícano";2503;2503
"perfumes";3275;3275
"pergaminos";2689;2689
"perro";4373;4373
"perro";5170;5170
"perro";858;858
"perro";820;820
"perro";5556;5556
"Perro café (demonio)";5585;5585
"perros";5410;5410
"pescados";214;214
"pescados";3296;3296
"piano";665;665
"Piedra";4382;4382
"Piedra";4383;4383
"pieles";8614;9468
"pieles";8217;9071
"pila bautismal";1213;1213
"pila bautismal";3068;3068
"pinza";2206;2206
"pinza";5834;5834
"pinzas";4728;4728
"pinzas";2503;2503
"pinzas";1904;1904
"pipa";2116;2116
"pipa";8612;9466
"plantas";1903;1903
"plantas";7195;8049
"plato";826;826
"plato";1725;1725
"plato";1902;1902
"plato";1903;1903
"plato";1904;1904
"plato";8023;8877
"plato con jarra";3646;3646
"platón";4765;4765
"platón o recipiente de plata del primer plano";3065;3065
"platones";4480;4480
"platos";3851;3851
"pluma";5822;5822
"plumas";223;223
"plumas";5786;5786
"plumas y tintas";7089;7943
"plumero";2190;2190
"Pobreza (mendigo)";2912;2912
"Pobreza (mendigo)";5920;5920
"Polvo";5813;5813
"Pompas de jabón";5168;5168
"Pompas de jabón";5822;5822
"portadas";2718;2718
"pozo";215;215
"pozo";216;216
"prendedor cabello de la Virgen";2741;2741
"Prensa";2197;2197
"puerta";2640;2640
"puerta del cielo";1163;1163
"puerta dorada";4920;4920
"Querubines";391;391
"Querubines";5830;5830
"rama de azucenas ";2282;2282
"rama de azucenas ";2718;2718
"Rama de olivo";1235;1235
"rama de palmera";1240;1240
"ramas";2503;2503
"Ramo";1232;1232
"ramo de azucena";4639;4639
"Ramo de flores";1253;1253
"Ramo de flores";1236;1236
"rastrillo";5786;5786
"Rayo";478;478
"Rayos";3841;3841
"rayos de luz";1274;1274
"rayos de luz";1351;1351
"rebaño";8270;9124
"Recipiente";1240;1240
"reloj";5819;5819
"reloj";1253;1253
"reloj";2521;2521
"reloj";1255;1255
"reloj (hora)";621;621
"reloj de arena";5827;5827
"reloj de arena";4616;4616
"reloj de arena";4687;4687
"Revisar objeto en la mano derecha del indigena a la derecha del sacerdote";1214;1214
"Revisar tipo de relato";615;615
"río";1576;1576
"ríos del paraíso";1164;1164
"rojas";3806;3806
"rollo";2911;2911
"rosa";2641;7762
"rosa";2198;2198
"rosa";2067;2067
"rosadas";3806;3806
"rosario";4680;4680
"rosario";4724;4724
"rosario";4693;4693
"rosario";4721;4721
"rosario";4725;4725
"rosario";2643;2643
"rosario";2898;2898
"rosario";4677;4677
"rosario";3806;3806
"rosario";2650;2650
"rosario";4675;4675
"rosario";1427;1427
"rosario";8545;9399
"rosario";4686;4686
"rosario";2637;7750
"rosario";4673;4673
"rosario";4674;4674
"rosario";2698;2698
"rosario";4608;4608
"rosario";395;395
"rosario";2633;2633
"rosario";394;394
"rosario";5587;5587
"rosario";4681;4681
"rosario";4671;4671
"rosario";5588;5588
"rosario";2353;2353
"rosario";2632;7524
"rosario";2656;2656
"rosario";1461;1461
"rosario";4679;4679
"rosario";4716;4716
"rosario";1403;1403
"rosario";1407;1407
"rosario";4689;4689
"rosario";5557;5557
"rosario";2641;7762
"rosario";4971;4971
"rosario";3560;3560
"rosario";2652;2652
"rosario";2636;2636
"rosario";5586;5586
"rosario";4770;4770
"rosario";4722;4722
"rosario";4718;4718
"rosario";5559;5559
"rosario";4692;4692
"rosas";2646;2646
"rosas";4689;4689
"rosas";4685;4685
"rosas";392;392
"rosas";2654;2654
"rosas";2652;2652
"rosas";2648;2648
"rosas";2643;2643
"rosas";5586;5586
"rosas";5565;5565
"rosas";2718;2718
"rosas";5571;5571
"rosas";8278;9132
"rosas";2762;2762
"rosas";4770;4770
"rosas";5140;5140
"rosas";5141;5141
"rosas";5143;5143
"rosas";8051;8905
"rosas";4961;4961
"rosas";222;222
"rosas";5667;5667
"rosas";3552;3552
"rosas";2564;2564
"rosas";2745;2745
"rosas";5556;5556
"rosas";1470;1470
"rosas";5305;5305
"rosas";2559;2559
"rosas";5579;5579
"rosas";4682;4682
"rosas";732;732
"rosas";1496;1496
"rosas";4684;4684
"rosas";2630;2630
"rosas";4688;4688
"rosas";1569;1569
"rosas";582;582
"rosas";2307;2307
"rosas";4299;4299
"rosas";2353;2353
"rosas";2684;4059
"rosas";1429;1429
"rosas";3904;3904
"rosas";4676;4676
"rosas";4517;4517
"rosas";2650;2650
"rosas";2640;2640
"rosas";5557;5557
"rosas";2274;2274
"rosas";4690;4690
"rosas";2649;2649
"rosas";4691;4691
"rosas";5306;5306
"rosas";2248;2248
"rosas";2656;2656
"rosas blancas";1894;1894
"rosas blancas";3851;3851
"rosas de angeles";1502;1502
"rosas en el borde";962;962
"rosas en el piso";330;330
"rosas en el suelo";131;131
"rosas o margaritas";4500;4500
"Rosas que adornan el altar";2219;2219
"Rosas que decoran el altar";2210;2210
"Rosas que sostienen los ángeles y flores a cada lado de la Trinidad";1536;1536
"rosas rojas";26;26
"rosas rojas y blancas";404;404
"rosas rosadas";5669;5669
"rosas sobre su cama";3065;3065
"Rosas y azucenas";340;340
"Rosas y azucenas";4726;4726
"Rosas y azucenas";4714;4714
"Rosas y azucenas";4724;4724
"Rosas y azucenas";4719;4719
"rosas y flores";3122;3122
"rosas y flores";2957;2957
"rosas y flores";4483;4483
"rosas y flores";1557;1557
"rosas y flores";3185;3185
"rosas y flores";837;837
"rosas y flores";4364;4364
"rosas y flores";2306;2306
"Rosas y flores en la muerte";5510;5510
"rosas y otras flores";2647;2647
"Rosas/flores en los arbustos";4640;4640
"Rueda";5930;5930
"saco";5916;5916
"sagrado corazón";2759;2759
"sagrado corazón";421;421
"San José";2554;2554
"San Jose y Santa Ana; aureola redonda estrellada de María; aureola completa de Jesús";4770;4770
"San Juan Bautista y San Juan Evangelista";2758;2758
"San Juan; aureola de rayos de Jesús y aureola de estrellas de la Virgen María";2749;2749
"San Zacarías";2758;2758
"San Zacarías";2749;2749
"sangre";8054;8908
"sangre";1330;1330
"sangre";4525;4525
"sangre";2785;2785
"sangre";2781;2781
"sangre";2782;2782
"sangre de cristo";3771;3771
"sangre de cristo";605;605
"sangre de cristo";3895;3895
"Santa Ana y San Joaquín";2554;2554
"Santa Ana y San Joaquín";3032;3032
"Santa Ana y San Joaquín";2395;2395
"Santa Isabel";2749;2749
"Santa Isabel y Jesús";3031;3031
"seis dagas clavadas en el pecho";8408;9262
"sello";819;819
"sello";890;5508
"sello IHS";4341;4341
"sello IHS";4342;4342
"sello IHS";4343;4343
"sello IHS";5507;5507
"sello IHS";4440;4440
"sello IHS";1970;1970
"semillas";2204;2204
"semillas";5832;5832
"seno al aire";2290;2290
"seno al descubierto";1259;1259
"serpiente";4256;4256
"serpiente";5684;5684
"serpiente";5685;5685
"serpiente";5686;5686
"serpiente";3849;3849
"serpiente";5461;5461
"serpiente";2672;2672
"serpiente";2309;2309
"serpiente";931;931
"serpiente";3928;3928
"serpiente";5459;5459
"serpiente";1216;1216
"serpiente";2795;2795
"serpiente";1225;6482
"serpiente/demonio";5302;5302
"Símbolos de la Pasión sostenidos por los ángeles: la columna";741;741
"soga";3911;3911
"soga";700;700
"soga";7191;8045
"soga";5679;5679
"soga";5678;5678
"soga";3161;3161
"soga";2290;2290
"Soga al cuello";22;22
"Soga al cuello";5266;5266
"Soga al cuello";1562;1562
"Soga al cuello";3889;3889
"soga al cuello y en las manos";467;467
"soga al cuello y en las manos";367;367
"soga al cuello y en las manos";224;224
"soga al cuello y en las manos";176;176
"soga al cuello y en las manos";43;43
"soga al cuello y las manos";4843;4843
"soga al cuello y manos";843;843
"soga en el cuello";1267;1267
"soga en el cuello";922;922
"soga en el cuello";1991;1991
"soga en el cuello";2322;2322
"soga en el cuello";3817;3817
"soga en el cuello y las manos";2786;2786
"soga en el cuello y las manos";16;16
"soga en el cuello y las manos";1989;1989
"soga en el cuello y las manos";1990;1990
"soga en el cuello y las manos";2432;2432
"soga en las manos";4828;4828
"soga en las manos";892;892
"soga en las manos";4757;4757
"soga en las manos";2771;2771
"soga en las manos";3638;3638
"soga en las manos";1988;1988
"soga en las manos";2770;2770
"soga en las manos";3888;3888
"soga en las manos";349;349
"soga en las manos";32;32
"soga manos";1282;1282
"soga manos";921;921
"sol";2852;2852
"sol";1250;1250
"sol";665;665
"sol";5786;5786
"sol";2308;2308
"sol";1022;1022
"Sol y Luna";5688;5688
"Sol y Luna";5687;5687
"sombero y libros";1822;1822
"sombra";1252;1252
"sombrero";1332;1332
"sombrero";4924;4924
"sombrero";1727;1727
"sombrero";5163;5163
"sombrero";820;820
"sombrero";1749;1749
"sombrero";1560;1560
"sombrero";2363;2363
"sombrero";2268;2268
"sombrero";5307;5307
"sombrero";1821;1821
"sombrero";4471;4471
"sombrero de cardenal y cura";2208;2208
"sombrero de Jose";5987;5987
"sombrero de Jose";8021;8875
"sombrero de medialuna del sacerdote";2;2
"sombrero de Paja";4485;4485
"sombrero de Paja";4662;4662
"sombrero de Paja";1756;1756
"sombrero de Paja";2077;710
"sombrero de Paja";2746;2746
"sombrero de Paja";3110;3110
"sombrero de Paja";336;336
"sombrero de Paja";2494;2494
"sombrero de Paja";4703;4703
"sombrero de Paja";3847;3847
"sombrero de Paja";4454;4454
"sombrero de Paja";5136;5136
"sombrero de Paja";4666;4666
"sombrero de Paja";5135;5135
"sombrero de Paja";4829;4829
"sombrero de Paja";5134;5134
"sombrero de plumas";1146;1146
"sombrero de plumas";8277;9131
"sombrero de plumas";4466;4466
"sombrero de San Ignacio";1970;1970
"sombrero de San José";2956;2956
"sombrero de San José";5154;5154
"sombrero de San José";334;334
"sombrero de San José";3296;3296
"sombrero de San José";604;604
"sombrero de Virgen María";137;137
"sombrero morisco";2116;2116
"sombrero redondo de Maria";5154;5154
"sombrero y aureola de rayos de María";3144;3144
"sombrero y espada";2256;2256
"sombrero y tambor";4533;4533
"sombrero y traje renacentista de la Virgen";2955;2955
"sopa o medicina?";826;826
"tabla blanca";5821;5821
"Tablas";5817;5817
"tableta (con cuatro puntos alrededor de un quinto)";5916;5916
"tambores y libros";835;835
"tela roja";4726;4726
"telas";5158;5158
"telas de donantes";4608;4608
"tenazas";3125;3125
"tenazas";2521;2521
"tenazas";2901;2901
"textiles";5167;5167
"tiara";4676;4676
"tiara";2836;2836
"tiara";4713;4713
"tiara";4682;4682
"tiara";2650;2650
"tiara";4728;4728
"tiara imperial";8349;9203
"tiara imperial y llaves de San Pedro";2853;2853
"tiara pontificia Triturador";5786;5786
"tijeras";4500;4500
"Timón";5922;5922
"tintero";2206;2206
"tintero";5834;5834
"tintero";8545;9399
"torre";4899;4899
"torre";1221;1221
"torre";2308;2308
"torre";218;218
"torre";5826;5826
"torre";2718;2718
"torre";2651;2651
"torre";1163;1163
"torres";1164;1164
"tortuga";5925;5925
"trajes floridos";334;334
"tres coronas";2718;2718
"tres espigas";1242;1242
"tres mundos";2313;2313
"tres mundos";2509;2509
"tres mundos";1221;1221
"tres mundos";5461;5461
"tres mundos";5459;5459
"triangulo";5279;5279
"triangulo";5280;5280
"triangulo";2651;2651
"triangulo";8287;9141
"triangulo";5281;5281
"Triángulo con ojo";1255;1255
"Triángulo con ojo";1253;1253
"Triángulo que sostiene la Trinidad";1534;1534
"Triangulo sobre la cabeza de Dios";356;356
"Triangulo sobre la cabeza de Dios";154;154
"Triangulo sobre las cabezas";6029;6029
"trigo";2769;2769
"trigo";4962;4962
"trompeta";1250;1250
"trompeta";5446;5446
"trompeta";2793;2793
"trompeta";665;665
"trono";2956;2956
"trono";2931;2931
"trono dorado; arpa";1103;1103
"tulipanes";1009;1009
"tunica roja";4387;4387
"turbante";8612;9466
"un angel al lado izquierdo";5374;5374
"Un caballo al lado derecho de la trinidad";5374;5374
"un corazón con siete espadas sobre un libro";2718;2718
"un domo";2718;2718
"un hombre arrodilladoque recibe latigazos (posiblemente un moro?)";478;478
"un pergamino y unas plumas en un tintero";1440;1440
"un recipiente";3125;3125
"una daga";3125;3125
"una túnica y los dados";3125;3125
"unicornio";858;858
"unicornio abrevando en una fuente";5786;5786
"uvas";1421;1421
"uvas";2211;2211
"uvas";887;887
"uvas";1889;1889
"uvas";4606;4606
"uvas";8054;8908
"uvas";940;940
"uvas";1265;1265
"vanitas";1823;6123
"vanitas";899;899
"vanitas";912;3244
"vara";2322;2322
"vara";349;349
"vara";2770;2770
"vara";3888;3888
"vara";1267;1267
"vara";1991;1991
"vara";922;922
"vara";2190;2190
"vara";2771;2771
"vara";4843;4843
"vara";176;176
"vara";32;32
"vara";1988;1988
"vara";2432;2432
"vara";1989;1989
"vara";224;224
"vara";3638;3638
"vara";4757;4757
"vara";4828;4828
"vara";43;43
"vara";892;892
"vara";367;367
"vara";467;467
"vara";3634;3634
"vara";1990;1990
"vara (OO I) de manzanas";608;608
"Vara con tela en la punta";8549;9403
"Vara de azucena";2759;2759
"Vara de azucena";931;931
"Vara de azucena";1221;1221
"vara de lirios";6016;6016
"vara de mando";2650;2650
"vara en la mano";3310;3310
"vara florecida";2636;2636
"vara partida";4652;4652
"vara rota";131;131
"vasos";4765;4765
"vasos y botellas en la mesa";4616;4616
"vela";2641;7762
"vela";1255;1255
"vela";2521;2521
"vela";2645;2645
"vela";5823;5823
"vela";1253;1253
"vela";2208;2208
"vela apagada";1252;1252
"vela encendida";393;393
"vela encendida";5570;5570
"vela encendida";4686;4686
"vela encendida";2901;2901
"vela encendida";1252;1252
"venados";858;858
"venda en los ojos";5922;5922
"venda en los ojos";5931;5931
"ventana";5928;5928
"ventana con telaraña";1255;1255
"Verduras";5919;5919
"vestido cardenales";4676;4676
"vestido de harapos";1093;1093
"vestido de harapos";1094;1094
"vestido de plumas";8613;9467
"vestido papal";4676;4676
"vestiduras floridas";330;330
"vicios representados en animales";3899;3899
"vicios representados en animales";1997;1997
"Vino";5;5
"Vino";5668;5668
"Violín";1557;1557
"Violín";1255;1255
"Violín";213;213
"Violín";1523;1523
"Violín";2750;2750
"Violín";3919;3919
"Violín";835;835
"Violín de ángel";1470;1470
"Violín y arpa de ángeles";2559;2559
"Violín y partituras";5376;5376
"y el otro al cuadro de la Vigen Joven) Rosas que enmarcan el cuadro junto arriba de Dios Padre";3841;3841
"yelmo";7195;8049
"Pan";5;5
